nohup: 忽略输入
Processing event log: BPIC2020_RequestForPayment
event_log:BPIC2020_RequestForPayment, discovery_algorithm:IND, prediction_algorithm:LSTM, dynamic_update:True, update_strategy:finetune, apply_constraint:True, use_consistency:True, use_only_conflict_data:True, confidence_threshold:0.5, consistency_alpha:0, win_min:300, adwin_threshold:0
torch_device: cuda:1
------------Initialization------------
------------Online ActivityPrediction------------
------------Updating Models------------
------------Updating Models------------
------------Updating Models------------
------------Updating Models------------
------------Updating Models------------
------------Updating Models------------
update activity num:  15  ->  18
------------Saving Results------------
drift:  6 [4734, 5600, 5686, 5911, 6001, 6202]
average accuracy:  0.87861376011552
average fscore:  0.2929137275538504
average consistency:  0.0
total time:  233.178960665
Experiment results saved to results/result_BPIC2020_RequestForPayment.csv
New best accuracy: 0.87861376011552
event_log:BPIC2020_RequestForPayment, discovery_algorithm:IND, prediction_algorithm:LSTM, dynamic_update:True, update_strategy:finetune, apply_constraint:True, use_consistency:True, use_only_conflict_data:True, confidence_threshold:0.5, consistency_alpha:0, win_min:300, adwin_threshold:0.674
torch_device: cuda:1
------------Initialization------------
------------Online ActivityPrediction------------
------------Updating Models------------
------------Updating Models------------
------------Updating Models------------
------------Updating Models------------
------------Updating Models------------
------------Updating Models------------
update activity num:  15  ->  18
------------Updating Models------------
update activity num:  18  ->  20
------------Saving Results------------
drift:  7 [4734, 5600, 5710, 5910, 6005, 6207, 19744]
average accuracy:  0.8798471766794019
average fscore:  0.3454027564763152
average consistency:  0.0
total time:  295.178196448
Experiment results saved to results/result_BPIC2020_RequestForPayment.csv
New best accuracy: 0.8798471766794019
event_log:BPIC2020_RequestForPayment, discovery_algorithm:IND, prediction_algorithm:LSTM, dynamic_update:True, update_strategy:finetune, apply_constraint:True, use_consistency:True, use_only_conflict_data:True, confidence_threshold:0.5, consistency_alpha:0, win_min:300, adwin_threshold:1.282
torch_device: cuda:1
------------Initialization------------
------------Online ActivityPrediction------------
------------Updating Models------------
------------Updating Models------------
------------Updating Models------------
update activity num:  15  ->  18
------------Updating Models------------
------------Updating Models------------
update activity num:  18  ->  20
------------Saving Results------------
drift:  5 [4734, 5908, 6075, 6256, 20452]
average accuracy:  0.8852320928973256
average fscore:  0.3578456689944007
average consistency:  0.0
total time:  226.47987831900002
Experiment results saved to results/result_BPIC2020_RequestForPayment.csv
New best accuracy: 0.8852320928973256
event_log:BPIC2020_RequestForPayment, discovery_algorithm:IND, prediction_algorithm:LSTM, dynamic_update:True, update_strategy:finetune, apply_constraint:True, use_consistency:True, use_only_conflict_data:True, confidence_threshold:0.5, consistency_alpha:0, win_min:300, adwin_threshold:1.645
torch_device: cuda:1
------------Initialization------------
------------Online ActivityPrediction------------
------------Updating Models------------
------------Updating Models------------
------------Updating Models------------
update activity num:  15  ->  18
------------Updating Models------------
------------Updating Models------------
update activity num:  18  ->  20
------------Saving Results------------
drift:  5 [4734, 5918, 6080, 6259, 20440]
average accuracy:  0.8853524262206312
average fscore:  0.35959563723498256
average consistency:  0.0
total time:  284.53905041100006
Experiment results saved to results/result_BPIC2020_RequestForPayment.csv
New best accuracy: 0.8853524262206312
event_log:BPIC2020_RequestForPayment, discovery_algorithm:IND, prediction_algorithm:LSTM, dynamic_update:True, update_strategy:finetune, apply_constraint:True, use_consistency:True, use_only_conflict_data:True, confidence_threshold:0.5, consistency_alpha:0, win_min:300, adwin_threshold:2.326
torch_device: cuda:1
------------Initialization------------
------------Online ActivityPrediction------------
------------Updating Models------------
------------Updating Models------------
update activity num:  15  ->  18
------------Updating Models------------
------------Updating Models------------
------------Updating Models------------
update activity num:  18  ->  20
------------Updating Models------------
------------Saving Results------------
drift:  6 [4734, 6100, 6101, 6196, 17264, 17265]
average accuracy:  0.8560813453265546
average fscore:  0.3753350329674365
average consistency:  0.0
total time:  268.76908150400004
Experiment results saved to results/result_BPIC2020_RequestForPayment.csv
event_log:BPIC2020_RequestForPayment, discovery_algorithm:IND, prediction_algorithm:LSTM, dynamic_update:True, update_strategy:finetune, apply_constraint:True, use_consistency:True, use_only_conflict_data:True, confidence_threshold:0.5, consistency_alpha:0, win_min:300, adwin_threshold:2.576
torch_device: cuda:1
------------Initialization------------
------------Online ActivityPrediction------------
------------Updating Models------------
update activity num:  15  ->  18
------------Updating Models------------
------------Updating Models------------
update activity num:  18  ->  20
------------Saving Results------------
drift:  3 [6088, 6098, 17346]
average accuracy:  0.8664300111308324
average fscore:  0.3581268982156584
average consistency:  0.0
total time:  292.60996359399996
Experiment results saved to results/result_BPIC2020_RequestForPayment.csv
event_log:BPIC2020_RequestForPayment, discovery_algorithm:IND, prediction_algorithm:LSTM, dynamic_update:True, update_strategy:finetune, apply_constraint:True, use_consistency:True, use_only_conflict_data:True, confidence_threshold:0.5, consistency_alpha:0, win_min:300, adwin_threshold:3.09
torch_device: cuda:1
------------Initialization------------
------------Online ActivityPrediction------------
------------Updating Models------------
update activity num:  15  ->  18
------------Updating Models------------
update activity num:  18  ->  19
------------Saving Results------------
drift:  2 [6131, 6301]
average accuracy:  0.8840287596642701
average fscore:  0.3273138940692593
average consistency:  0.0
total time:  208.35659904299996
Experiment results saved to results/result_BPIC2020_RequestForPayment.csv
event_log:BPIC2020_RequestForPayment, discovery_algorithm:IND, prediction_algorithm:LSTM, dynamic_update:True, update_strategy:finetune, apply_constraint:True, use_consistency:True, use_only_conflict_data:True, confidence_threshold:0.5, consistency_alpha:0.25, win_min:300, adwin_threshold:0
torch_device: cuda:1
------------Initialization------------
------------Online ActivityPrediction------------
------------Updating Models------------
------------Updating Models------------
------------Updating Models------------
------------Updating Models------------
------------Updating Models------------
------------Updating Models------------
------------Updating Models------------
------------Updating Models------------
update activity num:  15  ->  18
------------Updating Models------------
update activity num:  18  ->  19
------------Updating Models------------
------------Updating Models------------
------------Updating Models------------
------------Updating Models------------
------------Updating Models------------
------------Updating Models------------
------------Updating Models------------
------------Updating Models------------
------------Updating Models------------
------------Updating Models------------
------------Updating Models------------
------------Updating Models------------
------------Updating Models------------
------------Updating Models------------
------------Updating Models------------
------------Updating Models------------
------------Updating Models------------
------------Updating Models------------
------------Updating Models------------
------------Updating Models------------
------------Updating Models------------
------------Updating Models------------
------------Updating Models------------
------------Updating Models------------
------------Updating Models------------
------------Updating Models------------
------------Updating Models------------
------------Updating Models------------
------------Updating Models------------
------------Updating Models------------
------------Updating Models------------
------------Updating Models------------
------------Updating Models------------
------------Updating Models------------
------------Updating Models------------
------------Updating Models------------
------------Updating Models------------
------------Updating Models------------
------------Updating Models------------
------------Updating Models------------
------------Updating Models------------
------------Updating Models------------
update activity num:  19  ->  20
------------Updating Models------------
------------Updating Models------------
------------Updating Models------------
------------Updating Models------------
------------Updating Models------------
------------Updating Models------------
------------Updating Models------------
------------Updating Models------------
------------Updating Models------------
------------Updating Models------------
------------Updating Models------------
------------Updating Models------------
------------Updating Models------------
------------Updating Models------------
------------Updating Models------------
------------Updating Models------------
------------Updating Models------------
------------Updating Models------------
------------Updating Models------------
------------Updating Models------------
------------Updating Models------------
------------Updating Models------------
------------Updating Models------------
------------Updating Models------------
------------Saving Results------------
drift:  75 [4734, 4917, 5136, 5307, 5530, 5703, 5999, 6124, 7500, 7574, 7719, 7880, 8073, 8265, 8452, 8640, 8795, 8988, 9151, 9340, 9504, 9668, 9875, 10040, 10211, 10904, 10927, 11073, 11232, 11423, 11611, 11779, 11965, 12131, 12307, 12471, 12656, 12828, 13008, 13699, 14393, 14515, 14677, 14880, 15072, 15252, 15402, 15600, 15969, 16037, 16441, 16507, 16685, 16858, 17101, 17233, 17408, 19746, 19788, 19955, 20151, 20385, 21671, 21676, 21844, 22014, 22459, 22512, 22682, 22871, 23041, 23254, 23407, 23639, 23880]
average accuracy:  0.8785836767846936
average fscore:  0.3775064663898624
average consistency:  0.0
total time:  391.5926792470002
Experiment results saved to results/result_BPIC2020_RequestForPayment.csv
event_log:BPIC2020_RequestForPayment, discovery_algorithm:IND, prediction_algorithm:LSTM, dynamic_update:True, update_strategy:finetune, apply_constraint:True, use_consistency:True, use_only_conflict_data:True, confidence_threshold:0.5, consistency_alpha:0.25, win_min:300, adwin_threshold:0.674
torch_device: cuda:1
------------Initialization------------
------------Online ActivityPrediction------------
------------Updating Models------------
------------Updating Models------------
------------Updating Models------------
------------Updating Models------------
------------Updating Models------------
------------Updating Models------------
------------Updating Models------------
------------Updating Models------------
update activity num:  15  ->  18
------------Updating Models------------
update activity num:  18  ->  19
------------Updating Models------------
------------Updating Models------------
------------Updating Models------------
------------Updating Models------------
------------Updating Models------------
------------Updating Models------------
------------Updating Models------------
------------Updating Models------------
------------Updating Models------------
------------Updating Models------------
------------Updating Models------------
------------Updating Models------------
------------Updating Models------------
------------Updating Models------------
------------Updating Models------------
------------Updating Models------------
------------Updating Models------------
------------Updating Models------------
------------Updating Models------------
------------Updating Models------------
------------Updating Models------------
------------Updating Models------------
------------Updating Models------------
------------Updating Models------------
------------Updating Models------------
------------Updating Models------------
------------Updating Models------------
------------Updating Models------------
------------Updating Models------------
------------Updating Models------------
------------Updating Models------------
------------Updating Models------------
------------Updating Models------------
------------Updating Models------------
------------Updating Models------------
update activity num:  19  ->  20
------------Updating Models------------
------------Updating Models------------
------------Updating Models------------
------------Updating Models------------
------------Updating Models------------
------------Updating Models------------
------------Updating Models------------
------------Updating Models------------
------------Updating Models------------
------------Updating Models------------
------------Updating Models------------
------------Updating Models------------
------------Updating Models------------
------------Updating Models------------
------------Updating Models------------
------------Updating Models------------
------------Updating Models------------
------------Updating Models------------
------------Updating Models------------
------------Updating Models------------
------------Updating Models------------
------------Updating Models------------
------------Updating Models------------
------------Updating Models------------
------------Updating Models------------
------------Updating Models------------
------------Updating Models------------
------------Saving Results------------
drift:  71 [4734, 4917, 5138, 5308, 5552, 5713, 6001, 6136, 7531, 7571, 7574, 7743, 7900, 8093, 8267, 8464, 8649, 8806, 9000, 9161, 9349, 10002, 10134, 10336, 10641, 10761, 10979, 11131, 12169, 12232, 12253, 12739, 12761, 13124, 13727, 14958, 15150, 15277, 15434, 15627, 15778, 15961, 16130, 16312, 16605, 16721, 16889, 17084, 17458, 17532, 17692, 17870, 18825, 19440, 19746, 19897, 20110, 20452, 21668, 21678, 21846, 22015, 22459, 22513, 22683, 22872, 23043, 23256, 23408, 23640, 23906]
average accuracy:  0.8784031767997352
average fscore:  0.3722858544702476
average consistency:  0.0
total time:  379.66536150699994
Experiment results saved to results/result_BPIC2020_RequestForPayment.csv
event_log:BPIC2020_RequestForPayment, discovery_algorithm:IND, prediction_algorithm:LSTM, dynamic_update:True, update_strategy:finetune, apply_constraint:True, use_consistency:True, use_only_conflict_data:True, confidence_threshold:0.5, consistency_alpha:0.25, win_min:300, adwin_threshold:1.282
torch_device: cuda:1
------------Initialization------------
------------Online ActivityPrediction------------
------------Updating Models------------
------------Updating Models------------
------------Updating Models------------
------------Updating Models------------
------------Updating Models------------
------------Updating Models------------
update activity num:  15  ->  17
------------Updating Models------------
update activity num:  17  ->  18
------------Updating Models------------
update activity num:  18  ->  19
------------Updating Models------------
------------Updating Models------------
------------Updating Models------------
------------Updating Models------------
------------Updating Models------------
------------Updating Models------------
------------Updating Models------------
------------Updating Models------------
------------Updating Models------------
------------Updating Models------------
------------Updating Models------------
------------Updating Models------------
------------Updating Models------------
------------Updating Models------------
------------Updating Models------------
------------Updating Models------------
------------Updating Models------------
------------Updating Models------------
------------Updating Models------------
------------Updating Models------------
update activity num:  19  ->  20
------------Updating Models------------
------------Updating Models------------
------------Updating Models------------
------------Updating Models------------
------------Updating Models------------
------------Updating Models------------
------------Updating Models------------
------------Updating Models------------
------------Updating Models------------
------------Updating Models------------
------------Updating Models------------
------------Updating Models------------
------------Updating Models------------
------------Updating Models------------
------------Updating Models------------
------------Updating Models------------
------------Updating Models------------
------------Updating Models------------
------------Updating Models------------
------------Saving Results------------
drift:  47 [4734, 4917, 5432, 5567, 5697, 6074, 6164, 6370, 6755, 6973, 7084, 7288, 7448, 7634, 7815, 8086, 11401, 13653, 15095, 15143, 15150, 15280, 15528, 15665, 15828, 16003, 16168, 16358, 16631, 16763, 16919, 17115, 17506, 17574, 19670, 19719, 19774, 19935, 20137, 20306, 21670, 21714, 21858, 22551, 23141, 24005, 30606]
average accuracy:  0.8783430101380825
average fscore:  0.38091161984332766
average consistency:  0.0
total time:  366.48134144899996
Experiment results saved to results/result_BPIC2020_RequestForPayment.csv
event_log:BPIC2020_RequestForPayment, discovery_algorithm:IND, prediction_algorithm:LSTM, dynamic_update:True, update_strategy:finetune, apply_constraint:True, use_consistency:True, use_only_conflict_data:True, confidence_threshold:0.5, consistency_alpha:0.25, win_min:300, adwin_threshold:1.645
torch_device: cuda:1
------------Initialization------------
------------Online ActivityPrediction------------
------------Updating Models------------
------------Updating Models------------
------------Updating Models------------
update activity num:  15  ->  18
------------Updating Models------------
------------Updating Models------------
update activity num:  18  ->  19
------------Updating Models------------
------------Updating Models------------
------------Updating Models------------
------------Updating Models------------
update activity num:  19  ->  20
------------Updating Models------------
------------Updating Models------------
------------Saving Results------------
drift:  11 [4734, 4917, 6075, 6112, 6321, 7278, 7485, 12620, 16654, 17432, 23882]
average accuracy:  0.8844499262958395
average fscore:  0.36727560653485886
average consistency:  0.0
total time:  266.1175276079998
Experiment results saved to results/result_BPIC2020_RequestForPayment.csv
event_log:BPIC2020_RequestForPayment, discovery_algorithm:IND, prediction_algorithm:LSTM, dynamic_update:True, update_strategy:finetune, apply_constraint:True, use_consistency:True, use_only_conflict_data:True, confidence_threshold:0.5, consistency_alpha:0.25, win_min:300, adwin_threshold:2.326
torch_device: cuda:1
------------Initialization------------
------------Online ActivityPrediction------------
------------Updating Models------------
------------Updating Models------------
------------Updating Models------------
------------Updating Models------------
update activity num:  15  ->  18
------------Updating Models------------
------------Updating Models------------
update activity num:  18  ->  20
------------Saving Results------------
drift:  6 [4766, 4955, 5438, 6094, 6224, 20964]
average accuracy:  0.8852922595589784
average fscore:  0.3594026295121221
average consistency:  0.0
total time:  271.6506174179999
Experiment results saved to results/result_BPIC2020_RequestForPayment.csv
event_log:BPIC2020_RequestForPayment, discovery_algorithm:IND, prediction_algorithm:LSTM, dynamic_update:True, update_strategy:finetune, apply_constraint:True, use_consistency:True, use_only_conflict_data:True, confidence_threshold:0.5, consistency_alpha:0.25, win_min:300, adwin_threshold:2.576
torch_device: cuda:1
------------Initialization------------
------------Online ActivityPrediction------------
------------Updating Models------------
update activity num:  15  ->  17
------------Updating Models------------
update activity num:  17  ->  18
------------Updating Models------------
------------Updating Models------------
update activity num:  18  ->  20
------------Saving Results------------
drift:  4 [6064, 6076, 6256, 20431]
average accuracy:  0.8857435095213743
average fscore:  0.3605620726432753
average consistency:  0.0
total time:  271.06258303899995
Experiment results saved to results/result_BPIC2020_RequestForPayment.csv
New best accuracy: 0.8857435095213743
event_log:BPIC2020_RequestForPayment, discovery_algorithm:IND, prediction_algorithm:LSTM, dynamic_update:True, update_strategy:finetune, apply_constraint:True, use_consistency:True, use_only_conflict_data:True, confidence_threshold:0.5, consistency_alpha:0.25, win_min:300, adwin_threshold:3.09
torch_device: cuda:1
------------Initialization------------
------------Online ActivityPrediction------------
------------Updating Models------------
update activity num:  15  ->  17
------------Updating Models------------
update activity num:  17  ->  18
------------Updating Models------------
------------Saving Results------------
drift:  3 [6074, 6082, 6259]
average accuracy:  0.8807496766041936
average fscore:  0.2979095958558925
average consistency:  0.0
total time:  204.5781645469997
Experiment results saved to results/result_BPIC2020_RequestForPayment.csv
event_log:BPIC2020_RequestForPayment, discovery_algorithm:IND, prediction_algorithm:LSTM, dynamic_update:True, update_strategy:finetune, apply_constraint:True, use_consistency:True, use_only_conflict_data:True, confidence_threshold:0.5, consistency_alpha:0.5, win_min:300, adwin_threshold:0
torch_device: cuda:1
------------Initialization------------
------------Online ActivityPrediction------------
------------Updating Models------------
------------Updating Models------------
------------Updating Models------------
------------Updating Models------------
------------Updating Models------------
------------Updating Models------------
------------Updating Models------------
------------Updating Models------------
update activity num:  15  ->  18
------------Updating Models------------
update activity num:  18  ->  19
------------Updating Models------------
------------Updating Models------------
------------Updating Models------------
------------Updating Models------------
------------Updating Models------------
------------Updating Models------------
------------Updating Models------------
------------Updating Models------------
------------Updating Models------------
------------Updating Models------------
------------Updating Models------------
------------Updating Models------------
------------Updating Models------------
------------Updating Models------------
------------Updating Models------------
------------Updating Models------------
------------Updating Models------------
------------Updating Models------------
------------Updating Models------------
------------Updating Models------------
------------Updating Models------------
------------Updating Models------------
------------Updating Models------------
------------Updating Models------------
------------Updating Models------------
------------Updating Models------------
------------Updating Models------------
------------Updating Models------------
------------Updating Models------------
------------Updating Models------------
------------Updating Models------------
------------Updating Models------------
------------Updating Models------------
------------Updating Models------------
------------Updating Models------------
------------Updating Models------------
------------Updating Models------------
------------Updating Models------------
------------Updating Models------------
------------Updating Models------------
------------Updating Models------------
------------Updating Models------------
update activity num:  19  ->  20
------------Updating Models------------
------------Updating Models------------
------------Updating Models------------
------------Updating Models------------
------------Updating Models------------
------------Updating Models------------
------------Updating Models------------
------------Updating Models------------
------------Updating Models------------
------------Updating Models------------
------------Updating Models------------
------------Updating Models------------
------------Updating Models------------
------------Updating Models------------
------------Updating Models------------
------------Updating Models------------
------------Updating Models------------
------------Updating Models------------
------------Updating Models------------
------------Updating Models------------
------------Updating Models------------
------------Updating Models------------
------------Updating Models------------
------------Updating Models------------
------------Saving Results------------
drift:  75 [4734, 4917, 5136, 5307, 5530, 5703, 5999, 6124, 7500, 7574, 7719, 7880, 8073, 8265, 8452, 8640, 8795, 8988, 9151, 9340, 9504, 9668, 9875, 10040, 10211, 10904, 10927, 11073, 11232, 11423, 11611, 11779, 11965, 12131, 12307, 12471, 12656, 12828, 13008, 13699, 14393, 14515, 14677, 14880, 15072, 15252, 15402, 15600, 15969, 16037, 16441, 16507, 16685, 16858, 17101, 17233, 17408, 19746, 19788, 19955, 20151, 20385, 21671, 21676, 21844, 22014, 22459, 22512, 22682, 22871, 23041, 23254, 23407, 23639, 23880]
average accuracy:  0.8785836767846936
average fscore:  0.3775064663898624
average consistency:  0.0
total time:  384.8413939749994
Experiment results saved to results/result_BPIC2020_RequestForPayment.csv
event_log:BPIC2020_RequestForPayment, discovery_algorithm:IND, prediction_algorithm:LSTM, dynamic_update:True, update_strategy:finetune, apply_constraint:True, use_consistency:True, use_only_conflict_data:True, confidence_threshold:0.5, consistency_alpha:0.5, win_min:300, adwin_threshold:0.674
torch_device: cuda:1
------------Initialization------------
------------Online ActivityPrediction------------
------------Updating Models------------
------------Updating Models------------
------------Updating Models------------
------------Updating Models------------
------------Updating Models------------
------------Updating Models------------
------------Updating Models------------
update activity num:  15  ->  16
------------Updating Models------------
update activity num:  16  ->  18
------------Updating Models------------
update activity num:  18  ->  19
------------Updating Models------------
------------Updating Models------------
------------Updating Models------------
------------Updating Models------------
------------Updating Models------------
------------Updating Models------------
------------Updating Models------------
------------Updating Models------------
------------Updating Models------------
------------Updating Models------------
------------Updating Models------------
update activity num:  19  ->  20
------------Updating Models------------
------------Updating Models------------
------------Updating Models------------
------------Updating Models------------
------------Updating Models------------
------------Updating Models------------
------------Updating Models------------
------------Updating Models------------
------------Updating Models------------
------------Updating Models------------
------------Updating Models------------
------------Updating Models------------
------------Updating Models------------
------------Updating Models------------
------------Updating Models------------
------------Updating Models------------
------------Updating Models------------
------------Updating Models------------
------------Updating Models------------
------------Updating Models------------
------------Updating Models------------
------------Updating Models------------
------------Updating Models------------
------------Updating Models------------
------------Updating Models------------
------------Updating Models------------
------------Updating Models------------
------------Updating Models------------
------------Updating Models------------
------------Updating Models------------
------------Updating Models------------
------------Updating Models------------
------------Updating Models------------
------------Updating Models------------
------------Saving Results------------
drift:  54 [4734, 4917, 5142, 5309, 5530, 5704, 6055, 6161, 6366, 7257, 7445, 12618, 15210, 15604, 15605, 15615, 15753, 15936, 16106, 16294, 16650, 16735, 16898, 17101, 17479, 17548, 17705, 17883, 18060, 18238, 18419, 18580, 18774, 18944, 19112, 19297, 19469, 19657, 19833, 20068, 20434, 21662, 21667, 21833, 22003, 22472, 22512, 22682, 22871, 23041, 23254, 23407, 23639, 23926]
average accuracy:  0.8817424265214645
average fscore:  0.37756677134012706
average consistency:  0.0
total time:  338.6754235139997
Experiment results saved to results/result_BPIC2020_RequestForPayment.csv
event_log:BPIC2020_RequestForPayment, discovery_algorithm:IND, prediction_algorithm:LSTM, dynamic_update:True, update_strategy:finetune, apply_constraint:True, use_consistency:True, use_only_conflict_data:True, confidence_threshold:0.5, consistency_alpha:0.5, win_min:300, adwin_threshold:1.282
torch_device: cuda:1
------------Initialization------------
------------Online ActivityPrediction------------
------------Updating Models------------
------------Updating Models------------
------------Updating Models------------
update activity num:  15  ->  18
------------Updating Models------------
------------Updating Models------------
update activity num:  18  ->  19
------------Updating Models------------
------------Updating Models------------
------------Updating Models------------
------------Updating Models------------
update activity num:  19  ->  20
------------Updating Models------------
------------Saving Results------------
drift:  10 [4734, 4917, 6076, 6113, 6323, 7279, 7491, 12767, 16651, 17458]
average accuracy:  0.8837880930176589
average fscore:  0.37718354628228423
average consistency:  0.0
total time:  239.69967861699934
Experiment results saved to results/result_BPIC2020_RequestForPayment.csv
event_log:BPIC2020_RequestForPayment, discovery_algorithm:IND, prediction_algorithm:LSTM, dynamic_update:True, update_strategy:finetune, apply_constraint:True, use_consistency:True, use_only_conflict_data:True, confidence_threshold:0.5, consistency_alpha:0.5, win_min:300, adwin_threshold:1.645
torch_device: cuda:1
------------Initialization------------
------------Online ActivityPrediction------------
------------Updating Models------------
------------Updating Models------------
------------Updating Models------------
update activity num:  15  ->  18
------------Updating Models------------
------------Updating Models------------
update activity num:  18  ->  19
------------Updating Models------------
update activity num:  19  ->  20
------------Updating Models------------
------------Saving Results------------
drift:  7 [4734, 4917, 6092, 6121, 6333, 16774, 24028]
average accuracy:  0.8766282602809783
average fscore:  0.3672864312890835
average consistency:  0.0
total time:  265.56901045700033
Experiment results saved to results/result_BPIC2020_RequestForPayment.csv
event_log:BPIC2020_RequestForPayment, discovery_algorithm:IND, prediction_algorithm:LSTM, dynamic_update:True, update_strategy:finetune, apply_constraint:True, use_consistency:True, use_only_conflict_data:True, confidence_threshold:0.5, consistency_alpha:0.5, win_min:300, adwin_threshold:2.326
torch_device: cuda:1
------------Initialization------------
------------Online ActivityPrediction------------
------------Updating Models------------
update activity num:  15  ->  17
------------Updating Models------------
update activity num:  17  ->  18
------------Updating Models------------
update activity num:  18  ->  19
------------Updating Models------------
------------Updating Models------------
update activity num:  19  ->  20
------------Updating Models------------
------------Saving Results------------
drift:  6 [6064, 6246, 6434, 6633, 18409, 20347]
average accuracy:  0.8849011762582353
average fscore:  0.367123676781575
average consistency:  0.0
total time:  264.95870785699935
Experiment results saved to results/result_BPIC2020_RequestForPayment.csv
event_log:BPIC2020_RequestForPayment, discovery_algorithm:IND, prediction_algorithm:LSTM, dynamic_update:True, update_strategy:finetune, apply_constraint:True, use_consistency:True, use_only_conflict_data:True, confidence_threshold:0.5, consistency_alpha:0.5, win_min:300, adwin_threshold:2.576
torch_device: cuda:1
------------Initialization------------
------------Online ActivityPrediction------------
------------Updating Models------------
update activity num:  15  ->  17
------------Updating Models------------
update activity num:  17  ->  18
------------Updating Models------------
update activity num:  18  ->  19
------------Updating Models------------
update activity num:  19  ->  20
------------Updating Models------------
------------Updating Models------------
------------Updating Models------------
------------Updating Models------------
------------Updating Models------------
------------Saving Results------------
drift:  9 [6064, 6246, 6894, 20455, 23787, 23844, 24031, 24042, 24218]
average accuracy:  0.886345176137902
average fscore:  0.37182714374764225
average consistency:  0.0
total time:  273.65514543799964
Experiment results saved to results/result_BPIC2020_RequestForPayment.csv
New best accuracy: 0.886345176137902
event_log:BPIC2020_RequestForPayment, discovery_algorithm:IND, prediction_algorithm:LSTM, dynamic_update:True, update_strategy:finetune, apply_constraint:True, use_consistency:True, use_only_conflict_data:True, confidence_threshold:0.5, consistency_alpha:0.5, win_min:300, adwin_threshold:3.09
torch_device: cuda:1
------------Initialization------------
------------Online ActivityPrediction------------
------------Updating Models------------
update activity num:  15  ->  17
------------Updating Models------------
update activity num:  17  ->  18
------------Saving Results------------
drift:  2 [6064, 6246]
average accuracy:  0.8787040101079991
average fscore:  0.2928279601951337
average consistency:  0.0
total time:  217.8332884649999
Experiment results saved to results/result_BPIC2020_RequestForPayment.csv
event_log:BPIC2020_RequestForPayment, discovery_algorithm:IND, prediction_algorithm:LSTM, dynamic_update:True, update_strategy:finetune, apply_constraint:True, use_consistency:True, use_only_conflict_data:True, confidence_threshold:0.5, consistency_alpha:0.75, win_min:300, adwin_threshold:0
torch_device: cuda:1
------------Initialization------------
------------Online ActivityPrediction------------
------------Updating Models------------
------------Updating Models------------
------------Updating Models------------
------------Updating Models------------
------------Updating Models------------
------------Updating Models------------
------------Updating Models------------
------------Updating Models------------
update activity num:  15  ->  18
------------Updating Models------------
update activity num:  18  ->  19
------------Updating Models------------
------------Updating Models------------
------------Updating Models------------
------------Updating Models------------
------------Updating Models------------
------------Updating Models------------
------------Updating Models------------
------------Updating Models------------
------------Updating Models------------
------------Updating Models------------
------------Updating Models------------
------------Updating Models------------
------------Updating Models------------
------------Updating Models------------
------------Updating Models------------
------------Updating Models------------
------------Updating Models------------
------------Updating Models------------
------------Updating Models------------
------------Updating Models------------
------------Updating Models------------
------------Updating Models------------
------------Updating Models------------
------------Updating Models------------
------------Updating Models------------
------------Updating Models------------
------------Updating Models------------
------------Updating Models------------
------------Updating Models------------
------------Updating Models------------
------------Updating Models------------
------------Updating Models------------
------------Updating Models------------
------------Updating Models------------
------------Updating Models------------
------------Updating Models------------
------------Updating Models------------
------------Updating Models------------
------------Updating Models------------
------------Updating Models------------
------------Updating Models------------
------------Updating Models------------
update activity num:  19  ->  20
------------Updating Models------------
------------Updating Models------------
------------Updating Models------------
------------Updating Models------------
------------Updating Models------------
------------Updating Models------------
------------Updating Models------------
------------Updating Models------------
------------Updating Models------------
------------Updating Models------------
------------Updating Models------------
------------Updating Models------------
------------Updating Models------------
------------Updating Models------------
------------Updating Models------------
------------Updating Models------------
------------Updating Models------------
------------Updating Models------------
------------Updating Models------------
------------Updating Models------------
------------Updating Models------------
------------Updating Models------------
------------Updating Models------------
------------Updating Models------------
------------Saving Results------------
drift:  75 [4734, 4917, 5136, 5307, 5530, 5703, 5999, 6124, 7500, 7574, 7719, 7880, 8073, 8265, 8452, 8640, 8795, 8988, 9151, 9340, 9504, 9668, 9875, 10040, 10211, 10904, 10927, 11073, 11232, 11423, 11611, 11779, 11965, 12131, 12307, 12471, 12656, 12828, 13008, 13699, 14393, 14515, 14677, 14880, 15072, 15252, 15402, 15600, 15969, 16037, 16441, 16507, 16685, 16858, 17101, 17233, 17408, 19746, 19788, 19955, 20151, 20385, 21671, 21676, 21844, 22014, 22459, 22512, 22682, 22871, 23041, 23254, 23407, 23639, 23880]
average accuracy:  0.8785836767846936
average fscore:  0.3775064663898624
average consistency:  0.0
total time:  411.16301475399996
Experiment results saved to results/result_BPIC2020_RequestForPayment.csv
event_log:BPIC2020_RequestForPayment, discovery_algorithm:IND, prediction_algorithm:LSTM, dynamic_update:True, update_strategy:finetune, apply_constraint:True, use_consistency:True, use_only_conflict_data:True, confidence_threshold:0.5, consistency_alpha:0.75, win_min:300, adwin_threshold:0.674
torch_device: cuda:1
------------Initialization------------
------------Online ActivityPrediction------------
------------Updating Models------------
------------Updating Models------------
------------Updating Models------------
update activity num:  15  ->  18
------------Updating Models------------
------------Updating Models------------
update activity num:  18  ->  19
------------Updating Models------------
------------Updating Models------------
------------Updating Models------------
update activity num:  19  ->  20
------------Saving Results------------
drift:  8 [4734, 4917, 6088, 6118, 6330, 7292, 13026, 16745]
average accuracy:  0.8869769260852561
average fscore:  0.36218507881634887
average consistency:  0.0
total time:  259.77478558500025
Experiment results saved to results/result_BPIC2020_RequestForPayment.csv
New best accuracy: 0.8869769260852561
event_log:BPIC2020_RequestForPayment, discovery_algorithm:IND, prediction_algorithm:LSTM, dynamic_update:True, update_strategy:finetune, apply_constraint:True, use_consistency:True, use_only_conflict_data:True, confidence_threshold:0.5, consistency_alpha:0.75, win_min:300, adwin_threshold:1.282
torch_device: cuda:1
------------Initialization------------
------------Online ActivityPrediction------------
------------Updating Models------------
update activity num:  15  ->  17
------------Updating Models------------
update activity num:  17  ->  18
------------Updating Models------------
update activity num:  18  ->  19
------------Updating Models------------
------------Updating Models------------
update activity num:  19  ->  20
------------Updating Models------------
------------Saving Results------------
drift:  6 [6064, 6246, 6434, 6633, 18409, 19123]
average accuracy:  0.8839685930026172
average fscore:  0.3635855059373678
average consistency:  0.0
total time:  250.30339168200044
Experiment results saved to results/result_BPIC2020_RequestForPayment.csv
event_log:BPIC2020_RequestForPayment, discovery_algorithm:IND, prediction_algorithm:LSTM, dynamic_update:True, update_strategy:finetune, apply_constraint:True, use_consistency:True, use_only_conflict_data:True, confidence_threshold:0.5, consistency_alpha:0.75, win_min:300, adwin_threshold:1.645
torch_device: cuda:1
------------Initialization------------
------------Online ActivityPrediction------------
------------Updating Models------------
update activity num:  15  ->  17
------------Updating Models------------
update activity num:  17  ->  18
------------Updating Models------------
update activity num:  18  ->  19
------------Updating Models------------
------------Updating Models------------
update activity num:  19  ->  20
------------Updating Models------------
------------Saving Results------------
drift:  6 [6064, 6246, 6434, 6633, 18409, 19163]
average accuracy:  0.8839385096717909
average fscore:  0.3635528867738965
average consistency:  0.0
total time:  243.42823595299978
Experiment results saved to results/result_BPIC2020_RequestForPayment.csv
event_log:BPIC2020_RequestForPayment, discovery_algorithm:IND, prediction_algorithm:LSTM, dynamic_update:True, update_strategy:finetune, apply_constraint:True, use_consistency:True, use_only_conflict_data:True, confidence_threshold:0.5, consistency_alpha:0.75, win_min:300, adwin_threshold:2.326
torch_device: cuda:1
------------Initialization------------
------------Online ActivityPrediction------------
------------Updating Models------------
update activity num:  15  ->  17
------------Updating Models------------
update activity num:  17  ->  18
------------Updating Models------------
update activity num:  18  ->  19
------------Updating Models------------
------------Updating Models------------
update activity num:  19  ->  20
------------Updating Models------------
------------Updating Models------------
------------Updating Models------------
------------Updating Models------------
------------Updating Models------------
------------Saving Results------------
drift:  10 [6064, 6246, 6434, 6633, 18409, 20020, 20092, 20100, 20162, 20184]
average accuracy:  0.8858638428446798
average fscore:  0.3691202712282432
average consistency:  0.0
total time:  243.80410825200033
Experiment results saved to results/result_BPIC2020_RequestForPayment.csv
event_log:BPIC2020_RequestForPayment, discovery_algorithm:IND, prediction_algorithm:LSTM, dynamic_update:True, update_strategy:finetune, apply_constraint:True, use_consistency:True, use_only_conflict_data:True, confidence_threshold:0.5, consistency_alpha:0.75, win_min:300, adwin_threshold:2.576
torch_device: cuda:1
------------Initialization------------
------------Online ActivityPrediction------------
------------Updating Models------------
update activity num:  15  ->  17
------------Updating Models------------
update activity num:  17  ->  18
------------Updating Models------------
update activity num:  18  ->  19
------------Updating Models------------
------------Updating Models------------
update activity num:  19  ->  20
------------Updating Models------------
------------Updating Models------------
------------Updating Models------------
------------Updating Models------------
------------Updating Models------------
------------Saving Results------------
drift:  10 [6064, 6246, 6434, 6633, 18409, 20077, 20089, 20102, 20159, 20185]
average accuracy:  0.8855930928672423
average fscore:  0.3684959521220859
average consistency:  0.0
total time:  251.50954228000046
Experiment results saved to results/result_BPIC2020_RequestForPayment.csv
event_log:BPIC2020_RequestForPayment, discovery_algorithm:IND, prediction_algorithm:LSTM, dynamic_update:True, update_strategy:finetune, apply_constraint:True, use_consistency:True, use_only_conflict_data:True, confidence_threshold:0.5, consistency_alpha:0.75, win_min:300, adwin_threshold:3.09
torch_device: cuda:1
------------Initialization------------
------------Online ActivityPrediction------------
------------Updating Models------------
update activity num:  15  ->  17
------------Updating Models------------
update activity num:  17  ->  18
------------Updating Models------------
update activity num:  18  ->  19
------------Updating Models------------
------------Updating Models------------
update activity num:  19  ->  20
------------Updating Models------------
------------Saving Results------------
drift:  6 [6064, 6246, 6434, 6633, 18409, 20347]
average accuracy:  0.8849011762582353
average fscore:  0.367123676781575
average consistency:  0.0
total time:  266.17715297999985
Experiment results saved to results/result_BPIC2020_RequestForPayment.csv
event_log:BPIC2020_RequestForPayment, discovery_algorithm:IND, prediction_algorithm:LSTM, dynamic_update:True, update_strategy:finetune, apply_constraint:True, use_consistency:True, use_only_conflict_data:True, confidence_threshold:0.5, consistency_alpha:1.0, win_min:300, adwin_threshold:0
torch_device: cuda:1
------------Initialization------------
------------Online ActivityPrediction------------
------------Updating Models------------
update activity num:  15  ->  17
------------Updating Models------------
update activity num:  17  ->  18
------------Updating Models------------
update activity num:  18  ->  19
------------Updating Models------------
------------Updating Models------------
update activity num:  19  ->  20
------------Updating Models------------
------------Saving Results------------
drift:  6 [6064, 6246, 6434, 6633, 18409, 19112]
average accuracy:  0.8839685930026172
average fscore:  0.3635855059373678
average consistency:  0.0
total time:  238.4561722159997
Experiment results saved to results/result_BPIC2020_RequestForPayment.csv
event_log:BPIC2020_RequestForPayment, discovery_algorithm:IND, prediction_algorithm:LSTM, dynamic_update:True, update_strategy:finetune, apply_constraint:True, use_consistency:True, use_only_conflict_data:True, confidence_threshold:0.5, consistency_alpha:1.0, win_min:300, adwin_threshold:0.674
torch_device: cuda:1
------------Initialization------------
------------Online ActivityPrediction------------
------------Updating Models------------
update activity num:  15  ->  17
------------Updating Models------------
update activity num:  17  ->  18
------------Updating Models------------
update activity num:  18  ->  19
------------Updating Models------------
------------Updating Models------------
update activity num:  19  ->  20
------------Updating Models------------
------------Saving Results------------
drift:  6 [6064, 6246, 6434, 6633, 18409, 19112]
average accuracy:  0.8839685930026172
average fscore:  0.3635855059373678
average consistency:  0.0
total time:  238.14757557800021
Experiment results saved to results/result_BPIC2020_RequestForPayment.csv
event_log:BPIC2020_RequestForPayment, discovery_algorithm:IND, prediction_algorithm:LSTM, dynamic_update:True, update_strategy:finetune, apply_constraint:True, use_consistency:True, use_only_conflict_data:True, confidence_threshold:0.5, consistency_alpha:1.0, win_min:300, adwin_threshold:1.282
torch_device: cuda:1
------------Initialization------------
------------Online ActivityPrediction------------
------------Updating Models------------
update activity num:  15  ->  17
------------Updating Models------------
update activity num:  17  ->  18
------------Updating Models------------/home/inspur/anaconda3/envs/coap/lib/python3.12/site-packages/torch/nn/modules/transformer.py:508: UserWarning: The PyTorch API of nested tensors is in prototype stage and will change in the near future. We recommend specifying layout=torch.jagged when constructing a nested tensor, as this layout receives active development, has better operator coverage, and works with torch.compile. (Triggered internally at /pytorch/aten/src/ATen/NestedTensorImpl.cpp:178.)
  output = torch._nested_tensor_from_mask(

update activity num:  18  ->  19
------------Updating Models------------
------------Updating Models------------
update activity num:  19  ->  20
------------Updating Models------------
------------Saving Results------------
drift:  6 [6064, 6246, 6434, 6633, 18409, 19119]
average accuracy:  0.8839685930026172
average fscore:  0.3635855059373678
average consistency:  0.0
total time:  237.9134829499999
Experiment results saved to results/result_BPIC2020_RequestForPayment.csv
event_log:BPIC2020_RequestForPayment, discovery_algorithm:IND, prediction_algorithm:LSTM, dynamic_update:True, update_strategy:finetune, apply_constraint:True, use_consistency:True, use_only_conflict_data:True, confidence_threshold:0.5, consistency_alpha:1.0, win_min:300, adwin_threshold:1.645
torch_device: cuda:1
------------Initialization------------
------------Online ActivityPrediction------------
------------Updating Models------------
update activity num:  15  ->  17
------------Updating Models------------
update activity num:  17  ->  18
------------Updating Models------------
update activity num:  18  ->  19
------------Updating Models------------
------------Updating Models------------
update activity num:  19  ->  20
------------Updating Models------------
------------Saving Results------------
drift:  6 [6064, 6246, 6434, 6633, 18409, 19159]
average accuracy:  0.8861646761529437
average fscore:  0.360740181620935
average consistency:  0.0
total time:  238.45749832900037
Experiment results saved to results/result_BPIC2020_RequestForPayment.csv
event_log:BPIC2020_RequestForPayment, discovery_algorithm:IND, prediction_algorithm:LSTM, dynamic_update:True, update_strategy:finetune, apply_constraint:True, use_consistency:True, use_only_conflict_data:True, confidence_threshold:0.5, consistency_alpha:1.0, win_min:300, adwin_threshold:2.326
torch_device: cuda:1
------------Initialization------------
------------Online ActivityPrediction------------
------------Updating Models------------
update activity num:  15  ->  17
------------Updating Models------------
update activity num:  17  ->  18
------------Updating Models------------
update activity num:  18  ->  19
------------Updating Models------------
------------Updating Models------------
update activity num:  19  ->  20
------------Updating Models------------
------------Saving Results------------
drift:  6 [6064, 6246, 6434, 6633, 18409, 19273]
average accuracy:  0.8862850094762492
average fscore:  0.36081098239456444
average consistency:  0.0
total time:  238.22039160499844
Experiment results saved to results/result_BPIC2020_RequestForPayment.csv
event_log:BPIC2020_RequestForPayment, discovery_algorithm:IND, prediction_algorithm:LSTM, dynamic_update:True, update_strategy:finetune, apply_constraint:True, use_consistency:True, use_only_conflict_data:True, confidence_threshold:0.5, consistency_alpha:1.0, win_min:300, adwin_threshold:2.576
torch_device: cuda:1
------------Initialization------------
------------Online ActivityPrediction------------
------------Updating Models------------
update activity num:  15  ->  17
------------Updating Models------------
update activity num:  17  ->  18
------------Updating Models------------
update activity num:  18  ->  19
------------Updating Models------------
------------Updating Models------------
update activity num:  19  ->  20
------------Updating Models------------
------------Saving Results------------
drift:  6 [6064, 6246, 6434, 6633, 18420, 19273]
average accuracy:  0.8860744261604645
average fscore:  0.35922527469959964
average consistency:  0.0
total time:  238.32327118699868
Experiment results saved to results/result_BPIC2020_RequestForPayment.csv
event_log:BPIC2020_RequestForPayment, discovery_algorithm:IND, prediction_algorithm:LSTM, dynamic_update:True, update_strategy:finetune, apply_constraint:True, use_consistency:True, use_only_conflict_data:True, confidence_threshold:0.5, consistency_alpha:1.0, win_min:300, adwin_threshold:3.09
torch_device: cuda:1
------------Initialization------------
------------Online ActivityPrediction------------
------------Updating Models------------
update activity num:  15  ->  17
------------Updating Models------------
update activity num:  17  ->  18
------------Updating Models------------
------------Updating Models------------
update activity num:  18  ->  19
------------Saving Results------------
drift:  4 [6064, 6076, 6254, 6862]
average accuracy:  0.8874883427093048
average fscore:  0.3725881216708856
average consistency:  0.0
total time:  216.56096322800113
Experiment results saved to results/result_BPIC2020_RequestForPayment.csv
New best accuracy: 0.8874883427093048
event_log:BPIC2020_RequestForPayment, discovery_algorithm:IND, prediction_algorithm:Transformer, dynamic_update:True, update_strategy:finetune, apply_constraint:True, use_consistency:True, use_only_conflict_data:True, confidence_threshold:0.5, consistency_alpha:0, win_min:300, adwin_threshold:0
torch_device: cuda:1
------------Initialization------------
------------Online ActivityPrediction------------
------------Updating Models------------
------------Updating Models------------
------------Updating Models------------
------------Updating Models------------
------------Updating Models------------
------------Updating Models------------
update activity num:  15  ->  18
------------Updating Models------------
update activity num:  18  ->  20
------------Updating Models------------
------------Saving Results------------
drift:  8 [4734, 5600, 5686, 5902, 5999, 6199, 16649, 16744]
average accuracy:  0.8119490990042417
average fscore:  0.35107877495369
average consistency:  0.0
total time:  430.830841858
Experiment results saved to results/result_BPIC2020_RequestForPayment.csv
event_log:BPIC2020_RequestForPayment, discovery_algorithm:IND, prediction_algorithm:Transformer, dynamic_update:True, update_strategy:finetune, apply_constraint:True, use_consistency:True, use_only_conflict_data:True, confidence_threshold:0.5, consistency_alpha:0, win_min:300, adwin_threshold:0.674
torch_device: cuda:1
------------Initialization------------
------------Online ActivityPrediction------------
------------Updating Models------------
------------Updating Models------------
------------Updating Models------------
------------Updating Models------------
------------Updating Models------------
------------Updating Models------------
update activity num:  15  ->  18
------------Updating Models------------
update activity num:  18  ->  20
------------Updating Models------------
------------Saving Results------------
drift:  8 [4734, 5600, 5710, 5910, 6005, 6207, 17078, 17154]
average accuracy:  0.8774705935441172
average fscore:  0.35793565379530234
average consistency:  0.0
total time:  444.77811960100007
Experiment results saved to results/result_BPIC2020_RequestForPayment.csv
event_log:BPIC2020_RequestForPayment, discovery_algorithm:IND, prediction_algorithm:Transformer, dynamic_update:True, update_strategy:finetune, apply_constraint:True, use_consistency:True, use_only_conflict_data:True, confidence_threshold:0.5, consistency_alpha:0, win_min:300, adwin_threshold:1.282
torch_device: cuda:1
------------Initialization------------
------------Online ActivityPrediction------------
------------Updating Models------------
------------Updating Models------------
------------Updating Models------------
update activity num:  15  ->  18
------------Updating Models------------
------------Updating Models------------
update activity num:  18  ->  20
------------Updating Models------------
------------Saving Results------------
drift:  6 [4734, 5910, 6079, 6258, 17117, 21721]
average accuracy:  0.8830059264161728
average fscore:  0.36275842241193923
average consistency:  0.0
total time:  455.8725625799998
Experiment results saved to results/result_BPIC2020_RequestForPayment.csv
event_log:BPIC2020_RequestForPayment, discovery_algorithm:IND, prediction_algorithm:Transformer, dynamic_update:True, update_strategy:finetune, apply_constraint:True, use_consistency:True, use_only_conflict_data:True, confidence_threshold:0.5, consistency_alpha:0, win_min:300, adwin_threshold:1.645
torch_device: cuda:1
------------Initialization------------
------------Online ActivityPrediction------------
------------Updating Models------------
------------Updating Models------------
update activity num:  15  ->  18
------------Updating Models------------
------------Updating Models------------
update activity num:  18  ->  19
------------Updating Models------------
update activity num:  19  ->  20
------------Saving Results------------
drift:  5 [4734, 6082, 6094, 7478, 20341]
average accuracy:  0.8871875094010409
average fscore:  0.3730481290598387
average consistency:  0.0
total time:  488.11791315200026
Experiment results saved to results/result_BPIC2020_RequestForPayment.csv
event_log:BPIC2020_RequestForPayment, discovery_algorithm:IND, prediction_algorithm:Transformer, dynamic_update:True, update_strategy:finetune, apply_constraint:True, use_consistency:True, use_only_conflict_data:True, confidence_threshold:0.5, consistency_alpha:0, win_min:300, adwin_threshold:2.326
torch_device: cuda:1
------------Initialization------------
------------Online ActivityPrediction------------
------------Updating Models------------
------------Updating Models------------
update activity num:  15  ->  18
------------Updating Models------------
update activity num:  18  ->  19
------------Updating Models------------
update activity num:  19  ->  20
------------Saving Results------------
drift:  4 [4734, 6138, 6330, 20340]
average accuracy:  0.88511175957402
average fscore:  0.3638403224114565
average consistency:  0.0
total time:  486.9481849099993
Experiment results saved to results/result_BPIC2020_RequestForPayment.csv
event_log:BPIC2020_RequestForPayment, discovery_algorithm:IND, prediction_algorithm:Transformer, dynamic_update:True, update_strategy:finetune, apply_constraint:True, use_consistency:True, use_only_conflict_data:True, confidence_threshold:0.5, consistency_alpha:0, win_min:300, adwin_threshold:2.576
torch_device: cuda:1
------------Initialization------------
------------Online ActivityPrediction------------
------------Updating Models------------
update activity num:  15  ->  18
------------Updating Models------------
------------Updating Models------------
update activity num:  18  ->  20
------------Updating Models------------
------------Saving Results------------
drift:  4 [6086, 6099, 16346, 16503]
average accuracy:  0.8192593483950543
average fscore:  0.36328107006063864
average consistency:  0.0
total time:  468.7452322150002
Experiment results saved to results/result_BPIC2020_RequestForPayment.csv
event_log:BPIC2020_RequestForPayment, discovery_algorithm:IND, prediction_algorithm:Transformer, dynamic_update:True, update_strategy:finetune, apply_constraint:True, use_consistency:True, use_only_conflict_data:True, confidence_threshold:0.5, consistency_alpha:0, win_min:300, adwin_threshold:3.09
torch_device: cuda:1
------------Initialization------------
------------Online ActivityPrediction------------
------------Updating Models------------
update activity num:  15  ->  18
------------Updating Models------------
update activity num:  18  ->  19
------------Saving Results------------
drift:  2 [6127, 6300]
average accuracy:  0.882253843145513
average fscore:  0.36930947725267416
average consistency:  0.0
total time:  369.9937102469994
Experiment results saved to results/result_BPIC2020_RequestForPayment.csv
event_log:BPIC2020_RequestForPayment, discovery_algorithm:IND, prediction_algorithm:Transformer, dynamic_update:True, update_strategy:finetune, apply_constraint:True, use_consistency:True, use_only_conflict_data:True, confidence_threshold:0.5, consistency_alpha:0.25, win_min:300, adwin_threshold:0
torch_device: cuda:1
------------Initialization------------
------------Online ActivityPrediction------------
------------Updating Models------------
------------Updating Models------------
------------Updating Models------------
------------Updating Models------------
------------Updating Models------------
------------Updating Models------------
------------Updating Models------------
------------Updating Models------------
update activity num:  15  ->  18
------------Updating Models------------
update activity num:  18  ->  19
------------Updating Models------------
------------Updating Models------------
------------Updating Models------------
------------Updating Models------------
------------Updating Models------------
------------Updating Models------------
------------Updating Models------------
------------Updating Models------------
------------Updating Models------------
------------Updating Models------------
------------Updating Models------------
------------Updating Models------------
------------Updating Models------------
------------Updating Models------------
------------Updating Models------------
------------Updating Models------------
------------Updating Models------------
------------Updating Models------------
------------Updating Models------------
------------Updating Models------------
------------Updating Models------------
------------Updating Models------------
------------Updating Models------------
------------Updating Models------------
------------Updating Models------------
------------Updating Models------------
------------Updating Models------------
------------Updating Models------------
------------Updating Models------------
------------Updating Models------------
------------Updating Models------------
------------Updating Models------------
------------Updating Models------------
------------Updating Models------------
------------Updating Models------------
------------Updating Models------------
------------Updating Models------------
------------Updating Models------------
------------Updating Models------------
------------Updating Models------------
------------Updating Models------------
------------Updating Models------------
------------Updating Models------------
------------Updating Models------------
update activity num:  19  ->  20
------------Updating Models------------
------------Updating Models------------
------------Updating Models------------
------------Updating Models------------
------------Updating Models------------
------------Updating Models------------
------------Updating Models------------
------------Updating Models------------
------------Updating Models------------
------------Updating Models------------
------------Updating Models------------
------------Updating Models------------
------------Updating Models------------
------------Updating Models------------
------------Updating Models------------
------------Updating Models------------
------------Updating Models------------
------------Updating Models------------
------------Updating Models------------
------------Updating Models------------
------------Updating Models------------
------------Updating Models------------
------------Updating Models------------
------------Updating Models------------
------------Updating Models------------
------------Updating Models------------
------------Updating Models------------
------------Updating Models------------
------------Updating Models------------
------------Updating Models------------
------------Updating Models------------
------------Updating Models------------
------------Updating Models------------
------------Updating Models------------
------------Updating Models------------
------------Updating Models------------
------------Updating Models------------
------------Updating Models------------
------------Updating Models------------
------------Updating Models------------
------------Updating Models------------
------------Updating Models------------
------------Updating Models------------
------------Updating Models------------
------------Updating Models------------
------------Updating Models------------
------------Updating Models------------
------------Updating Models------------
------------Updating Models------------
------------Updating Models------------
------------Updating Models------------
------------Updating Models------------
------------Updating Models------------
------------Updating Models------------
------------Updating Models------------
------------Updating Models------------
------------Updating Models------------
------------Updating Models------------
------------Updating Models------------
------------Updating Models------------
------------Updating Models------------
------------Updating Models------------
------------Updating Models------------
------------Updating Models------------
------------Updating Models------------
------------Updating Models------------
------------Updating Models------------
------------Updating Models------------
------------Updating Models------------
------------Updating Models------------
------------Updating Models------------
------------Updating Models------------
------------Updating Models------------
------------Updating Models------------
------------Updating Models------------
update activity num:  20  ->  21
------------Updating Models------------
------------Updating Models------------
------------Updating Models------------
------------Updating Models------------
------------Updating Models------------
------------Updating Models------------
------------Updating Models------------
------------Updating Models------------
------------Updating Models------------
------------Updating Models------------
------------Updating Models------------
------------Updating Models------------
------------Updating Models------------
------------Updating Models------------
------------Updating Models------------
------------Updating Models------------
------------Updating Models------------
------------Updating Models------------
------------Updating Models------------
------------Updating Models------------
------------Updating Models------------
------------Updating Models------------
------------Updating Models------------
------------Updating Models------------
------------Updating Models------------
------------Updating Models------------
------------Updating Models------------
------------Updating Models------------
------------Updating Models------------
------------Updating Models------------
------------Updating Models------------
update activity num:  21  ->  22
------------Updating Models------------
------------Updating Models------------
------------Updating Models------------
------------Updating Models------------
------------Updating Models------------
------------Updating Models------------
------------Updating Models------------
------------Updating Models------------
------------Saving Results------------
drift:  167 [4734, 4917, 5136, 5307, 5530, 5703, 5993, 6119, 7532, 7574, 7731, 7891, 8084, 8257, 8452, 8640, 8795, 8988, 9151, 9340, 9504, 9668, 9875, 10040, 10211, 10907, 10927, 11073, 11232, 11423, 11611, 11779, 11965, 12131, 12307, 12471, 12656, 12828, 13008, 13686, 13830, 13997, 14242, 14401, 14576, 14962, 15049, 15232, 15382, 15575, 15969, 16027, 16441, 16502, 16680, 16853, 17101, 17231, 17406, 17591, 18012, 18178, 18287, 18470, 18635, 18830, 18990, 19171, 19343, 19525, 19710, 19879, 20084, 20424, 21632, 21653, 21817, 21988, 22459, 22496, 22669, 22852, 23028, 23239, 23394, 23616, 23851, 24005, 24182, 24341, 24543, 26629, 26689, 26856, 27260, 27317, 27585, 27750, 27918, 28097, 28340, 28494, 28658, 28851, 29230, 29291, 29488, 29705, 29847, 30023, 30184, 30379, 30550, 30733, 30883, 31085, 31411, 31520, 31687, 31887, 32045, 32226, 32678, 32719, 32878, 33065, 33242, 33495, 33630, 33813, 33990, 34148, 34343, 34514, 35410, 35421, 35505, 35686, 35842, 36033, 36185, 36378, 36557, 36750, 37008, 37131, 37300, 37514, 37677, 37852, 38027, 38196, 38395, 38864, 38899, 39061, 39288, 39452, 40716, 41476, 41594, 41753, 41929, 42115, 42364, 42483, 42814]
average accuracy:  0.8689870942510755
average fscore:  0.3772144777534959
average consistency:  0.0
total time:  1356.7254576449996
Experiment results saved to results/result_BPIC2020_RequestForPayment.csv
event_log:BPIC2020_RequestForPayment, discovery_algorithm:IND, prediction_algorithm:Transformer, dynamic_update:True, update_strategy:finetune, apply_constraint:True, use_consistency:True, use_only_conflict_data:True, confidence_threshold:0.5, consistency_alpha:0.25, win_min:300, adwin_threshold:0.674
torch_device: cuda:1
------------Initialization------------
------------Online ActivityPrediction------------
------------Updating Models------------
------------Updating Models------------
------------Updating Models------------
------------Updating Models------------
------------Updating Models------------
------------Updating Models------------
------------Updating Models------------
------------Updating Models------------
update activity num:  15  ->  18
------------Updating Models------------
update activity num:  18  ->  20
------------Updating Models------------
------------Updating Models------------
------------Updating Models------------
------------Updating Models------------
------------Updating Models------------
------------Updating Models------------
------------Updating Models------------
------------Updating Models------------
------------Updating Models------------
------------Updating Models------------
------------Updating Models------------
------------Updating Models------------
------------Updating Models------------
------------Updating Models------------
------------Updating Models------------
------------Updating Models------------
------------Updating Models------------
------------Updating Models------------
------------Updating Models------------
------------Updating Models------------
------------Updating Models------------
------------Updating Models------------
------------Updating Models------------
------------Updating Models------------
------------Updating Models------------
------------Updating Models------------
------------Updating Models------------
------------Updating Models------------
------------Updating Models------------
------------Updating Models------------
------------Updating Models------------
------------Updating Models------------
------------Updating Models------------
------------Updating Models------------
------------Updating Models------------
------------Updating Models------------
------------Updating Models------------
------------Updating Models------------
------------Updating Models------------
------------Updating Models------------
------------Updating Models------------
------------Updating Models------------
------------Updating Models------------
------------Updating Models------------
------------Updating Models------------
------------Updating Models------------
------------Updating Models------------
------------Updating Models------------
------------Updating Models------------
------------Updating Models------------
------------Updating Models------------
------------Updating Models------------
------------Updating Models------------
------------Updating Models------------
------------Updating Models------------
------------Updating Models------------
------------Updating Models------------
------------Updating Models------------
------------Updating Models------------
------------Updating Models------------
------------Updating Models------------
------------Updating Models------------
------------Updating Models------------
------------Updating Models------------
------------Updating Models------------
------------Updating Models------------
update activity num:  20  ->  21
------------Updating Models------------
------------Updating Models------------
------------Updating Models------------
------------Updating Models------------
------------Updating Models------------
------------Updating Models------------
------------Updating Models------------
------------Updating Models------------
------------Updating Models------------
------------Updating Models------------
------------Updating Models------------
update activity num:  21  ->  22
------------Updating Models------------
------------Updating Models------------
------------Updating Models------------
------------Updating Models------------
------------Updating Models------------
------------Updating Models------------
------------Updating Models------------
------------Updating Models------------
------------Updating Models------------
------------Updating Models------------
------------Updating Models------------
------------Updating Models------------
------------Updating Models------------
------------Updating Models------------
------------Updating Models------------
------------Saving Results------------
drift:  101 [4734, 4917, 5138, 5308, 5552, 5713, 6000, 6136, 17106, 17146, 17391, 17494, 17561, 17716, 17894, 18090, 18254, 18440, 18600, 18795, 18960, 19130, 19712, 20065, 20156, 20430, 21719, 21891, 22064, 22243, 22424, 22612, 22777, 22967, 23154, 23779, 23810, 23961, 24138, 24306, 24495, 24663, 24827, 25017, 25178, 25369, 25774, 25832, 26104, 26228, 26394, 26583, 26733, 28774, 28807, 28870, 29029, 29217, 29400, 29725, 29821, 30620, 30642, 30740, 30890, 31092, 31404, 31520, 31687, 31887, 32045, 32226, 32680, 32720, 37196, 37598, 37916, 38016, 38187, 38386, 39113, 39183, 39310, 39464, 39658, 39840, 40007, 40207, 40373, 40557, 40726, 40923, 41349, 41409, 41580, 41967, 42067, 42227, 42398, 43239, 43638]
average accuracy:  0.8748533437622213
average fscore:  0.3672948448829052
average consistency:  0.0
total time:  1069.5709042170001
Experiment results saved to results/result_BPIC2020_RequestForPayment.csv
event_log:BPIC2020_RequestForPayment, discovery_algorithm:IND, prediction_algorithm:Transformer, dynamic_update:True, update_strategy:finetune, apply_constraint:True, use_consistency:True, use_only_conflict_data:True, confidence_threshold:0.5, consistency_alpha:0.25, win_min:300, adwin_threshold:1.282
torch_device: cuda:1
------------Initialization------------
------------Online ActivityPrediction------------
------------Updating Models------------
------------Updating Models------------
------------Updating Models------------
------------Updating Models------------
------------Updating Models------------
------------Updating Models------------
update activity num:  15  ->  17
------------Updating Models------------
update activity num:  17  ->  18
------------Updating Models------------
update activity num:  18  ->  19
------------Updating Models------------
------------Updating Models------------
------------Updating Models------------
------------Updating Models------------
------------Updating Models------------
------------Updating Models------------
------------Updating Models------------
------------Updating Models------------
------------Updating Models------------
------------Updating Models------------
------------Updating Models------------
------------Updating Models------------
------------Updating Models------------
------------Updating Models------------
------------Updating Models------------
------------Updating Models------------
------------Updating Models------------
------------Updating Models------------
------------Saving Results------------
drift:  26 [4734, 4917, 5432, 5567, 5697, 6066, 6162, 6368, 6835, 6986, 7108, 7312, 7470, 7668, 7834, 8078, 11384, 12114, 12225, 12242, 12415, 12643, 12796, 12966, 13159, 13309]
average accuracy:  0.8840889263259228
average fscore:  0.36384665741342515
average consistency:  0.0
total time:  474.4533232949998
Experiment results saved to results/result_BPIC2020_RequestForPayment.csv
event_log:BPIC2020_RequestForPayment, discovery_algorithm:IND, prediction_algorithm:Transformer, dynamic_update:True, update_strategy:finetune, apply_constraint:True, use_consistency:True, use_only_conflict_data:True, confidence_threshold:0.5, consistency_alpha:0.25, win_min:300, adwin_threshold:1.645
torch_device: cuda:1
------------Initialization------------
------------Online ActivityPrediction------------
------------Updating Models------------
------------Updating Models------------
------------Updating Models------------
update activity num:  15  ->  18
------------Updating Models------------
------------Updating Models------------
update activity num:  18  ->  19
------------Updating Models------------
------------Updating Models------------
------------Updating Models------------
------------Updating Models------------
update activity num:  19  ->  20
------------Updating Models------------
------------Saving Results------------
drift:  10 [4734, 4917, 6079, 6113, 6323, 7263, 7477, 12767, 16637, 17458]
average accuracy:  0.8844198429650131
average fscore:  0.3786833277687086
average consistency:  0.0
total time:  436.37417985700085
Experiment results saved to results/result_BPIC2020_RequestForPayment.csv
event_log:BPIC2020_RequestForPayment, discovery_algorithm:IND, prediction_algorithm:Transformer, dynamic_update:True, update_strategy:finetune, apply_constraint:True, use_consistency:True, use_only_conflict_data:True, confidence_threshold:0.5, consistency_alpha:0.25, win_min:300, adwin_threshold:2.326
torch_device: cuda:1
------------Initialization------------
------------Online ActivityPrediction------------
------------Updating Models------------
------------Updating Models------------
------------Updating Models------------
update activity num:  15  ->  18
------------Updating Models------------
------------Updating Models------------
update activity num:  18  ->  19
------------Updating Models------------
update activity num:  19  ->  20
------------Updating Models------------
------------Updating Models------------
------------Updating Models------------
------------Updating Models------------
------------Updating Models------------
------------Updating Models------------
------------Updating Models------------
------------Saving Results------------
drift:  13 [4766, 4955, 6084, 6124, 6335, 16690, 16770, 16948, 17128, 17283, 17474, 19768, 20344]
average accuracy:  0.8848109262657562
average fscore:  0.36619946833188416
average consistency:  0.0
total time:  477.8812659919986
Experiment results saved to results/result_BPIC2020_RequestForPayment.csv
event_log:BPIC2020_RequestForPayment, discovery_algorithm:IND, prediction_algorithm:Transformer, dynamic_update:True, update_strategy:finetune, apply_constraint:True, use_consistency:True, use_only_conflict_data:True, confidence_threshold:0.5, consistency_alpha:0.25, win_min:300, adwin_threshold:2.576
torch_device: cuda:1
------------Initialization------------
------------Online ActivityPrediction------------
------------Updating Models------------
update activity num:  15  ->  17
------------Updating Models------------
------------Updating Models------------
update activity num:  17  ->  18
------------Updating Models------------
update activity num:  18  ->  20
------------Saving Results------------
drift:  4 [6064, 6072, 6252, 20342]
average accuracy:  0.8850816762431937
average fscore:  0.3596068574051262
average consistency:  0.0
total time:  466.9206353469999
Experiment results saved to results/result_BPIC2020_RequestForPayment.csv
event_log:BPIC2020_RequestForPayment, discovery_algorithm:IND, prediction_algorithm:Transformer, dynamic_update:True, update_strategy:finetune, apply_constraint:True, use_consistency:True, use_only_conflict_data:True, confidence_threshold:0.5, consistency_alpha:0.25, win_min:300, adwin_threshold:3.09
torch_device: cuda:1
------------Initialization------------
------------Online ActivityPrediction------------
------------Updating Models------------
update activity num:  15  ->  17
------------Updating Models------------
update activity num:  17  ->  18
------------Updating Models------------
------------Updating Models------------
update activity num:  18  ->  20
------------Saving Results------------
drift:  4 [6072, 6080, 6258, 20933]
average accuracy:  0.8841791763184019
average fscore:  0.3574675235523127
average consistency:  0.0
total time:  474.6230020469993
Experiment results saved to results/result_BPIC2020_RequestForPayment.csv
event_log:BPIC2020_RequestForPayment, discovery_algorithm:IND, prediction_algorithm:Transformer, dynamic_update:True, update_strategy:finetune, apply_constraint:True, use_consistency:True, use_only_conflict_data:True, confidence_threshold:0.5, consistency_alpha:0.5, win_min:300, adwin_threshold:0
torch_device: cuda:1
------------Initialization------------
------------Online ActivityPrediction------------
------------Updating Models------------
------------Updating Models------------
------------Updating Models------------
------------Updating Models------------
------------Updating Models------------
------------Updating Models------------
------------Updating Models------------
------------Updating Models------------
update activity num:  15  ->  18
------------Updating Models------------
update activity num:  18  ->  19
------------Updating Models------------
------------Updating Models------------
------------Updating Models------------
------------Updating Models------------
------------Updating Models------------
------------Updating Models------------
------------Updating Models------------
------------Updating Models------------
------------Updating Models------------
------------Updating Models------------
------------Updating Models------------
------------Updating Models------------
------------Updating Models------------
------------Updating Models------------
------------Updating Models------------
------------Updating Models------------
------------Updating Models------------
------------Updating Models------------
------------Updating Models------------
------------Updating Models------------
------------Updating Models------------
------------Updating Models------------
------------Updating Models------------
------------Updating Models------------
------------Updating Models------------
------------Updating Models------------
------------Updating Models------------
------------Updating Models------------
------------Updating Models------------
------------Updating Models------------
------------Updating Models------------
------------Updating Models------------
------------Updating Models------------
------------Updating Models------------
------------Updating Models------------
------------Updating Models------------
------------Updating Models------------
------------Updating Models------------
------------Updating Models------------
------------Updating Models------------
------------Updating Models------------
------------Updating Models------------
------------Updating Models------------
------------Updating Models------------
update activity num:  19  ->  20
------------Updating Models------------
------------Updating Models------------
------------Updating Models------------
------------Updating Models------------
------------Updating Models------------
------------Updating Models------------
------------Updating Models------------
------------Updating Models------------
------------Updating Models------------
------------Updating Models------------
------------Updating Models------------
------------Updating Models------------
------------Updating Models------------
------------Updating Models------------
------------Updating Models------------
------------Updating Models------------
------------Updating Models------------
------------Updating Models------------
------------Updating Models------------
------------Updating Models------------
------------Updating Models------------
------------Updating Models------------
------------Updating Models------------
------------Updating Models------------
------------Updating Models------------
------------Updating Models------------
------------Updating Models------------
------------Updating Models------------
------------Updating Models------------
------------Updating Models------------
------------Updating Models------------
------------Updating Models------------
------------Updating Models------------
------------Updating Models------------
------------Updating Models------------
------------Updating Models------------
------------Updating Models------------
------------Updating Models------------
------------Updating Models------------
------------Updating Models------------
------------Updating Models------------
------------Updating Models------------
------------Updating Models------------
------------Updating Models------------
------------Updating Models------------
------------Updating Models------------
------------Updating Models------------
------------Updating Models------------
------------Updating Models------------
------------Updating Models------------
------------Updating Models------------
------------Updating Models------------
------------Updating Models------------
------------Updating Models------------
------------Updating Models------------
------------Updating Models------------
------------Updating Models------------
------------Updating Models------------
------------Updating Models------------
------------Updating Models------------
------------Updating Models------------
------------Updating Models------------
------------Updating Models------------
------------Updating Models------------
------------Updating Models------------
------------Updating Models------------
------------Updating Models------------
------------Updating Models------------
------------Updating Models------------
------------Updating Models------------
------------Updating Models------------
------------Updating Models------------
------------Updating Models------------
------------Updating Models------------
------------Updating Models------------
update activity num:  20  ->  21
------------Updating Models------------
------------Updating Models------------
------------Updating Models------------
------------Updating Models------------
------------Updating Models------------
------------Updating Models------------
------------Updating Models------------
------------Updating Models------------
------------Updating Models------------
------------Updating Models------------
------------Updating Models------------
------------Updating Models------------
------------Updating Models------------
------------Updating Models------------
------------Updating Models------------
------------Updating Models------------
------------Updating Models------------
------------Updating Models------------
------------Updating Models------------
------------Updating Models------------
------------Updating Models------------
------------Updating Models------------
------------Updating Models------------
------------Updating Models------------
------------Updating Models------------
------------Updating Models------------
------------Updating Models------------
------------Updating Models------------
------------Updating Models------------
------------Updating Models------------
------------Updating Models------------
update activity num:  21  ->  22
------------Updating Models------------
------------Updating Models------------
------------Updating Models------------
------------Updating Models------------
------------Updating Models------------
------------Updating Models------------
------------Updating Models------------
------------Updating Models------------
------------Saving Results------------
drift:  167 [4734, 4917, 5136, 5307, 5530, 5703, 5993, 6119, 7532, 7574, 7731, 7891, 8084, 8257, 8452, 8640, 8795, 8988, 9151, 9340, 9504, 9668, 9875, 10040, 10211, 10907, 10927, 11073, 11232, 11423, 11611, 11779, 11965, 12131, 12307, 12471, 12656, 12828, 13008, 13686, 13830, 13997, 14242, 14401, 14576, 14962, 15049, 15232, 15382, 15575, 15969, 16027, 16441, 16502, 16680, 16853, 17101, 17231, 17406, 17591, 18012, 18178, 18287, 18470, 18635, 18830, 18990, 19171, 19343, 19525, 19710, 19879, 20084, 20424, 21632, 21653, 21817, 21988, 22459, 22496, 22669, 22852, 23028, 23239, 23394, 23616, 23851, 24005, 24182, 24341, 24543, 26629, 26689, 26856, 27260, 27317, 27585, 27750, 27918, 28097, 28340, 28494, 28658, 28851, 29230, 29291, 29488, 29705, 29847, 30023, 30184, 30379, 30550, 30733, 30883, 31085, 31411, 31520, 31687, 31887, 32045, 32226, 32678, 32719, 32878, 33065, 33242, 33495, 33630, 33813, 33990, 34148, 34343, 34514, 35410, 35421, 35505, 35686, 35842, 36033, 36185, 36378, 36557, 36750, 37008, 37131, 37300, 37514, 37677, 37852, 38027, 38196, 38395, 38864, 38899, 39061, 39288, 39452, 40716, 41476, 41594, 41753, 41929, 42115, 42364, 42483, 42814]
average accuracy:  0.8689870942510755
average fscore:  0.3772144777534959
average consistency:  0.0
total time:  1346.978510865003
Experiment results saved to results/result_BPIC2020_RequestForPayment.csv
event_log:BPIC2020_RequestForPayment, discovery_algorithm:IND, prediction_algorithm:Transformer, dynamic_update:True, update_strategy:finetune, apply_constraint:True, use_consistency:True, use_only_conflict_data:True, confidence_threshold:0.5, consistency_alpha:0.5, win_min:300, adwin_threshold:0.674
torch_device: cuda:1
------------Initialization------------
------------Online ActivityPrediction------------
------------Updating Models------------
------------Updating Models------------
------------Updating Models------------
------------Updating Models------------
------------Updating Models------------
------------Updating Models------------
------------Updating Models------------
update activity num:  15  ->  16
------------Updating Models------------
update activity num:  16  ->  18
------------Updating Models------------
update activity num:  18  ->  19
------------Updating Models------------
------------Updating Models------------
------------Updating Models------------
------------Updating Models------------
------------Updating Models------------
------------Updating Models------------
------------Updating Models------------
------------Updating Models------------
------------Updating Models------------
------------Updating Models------------
------------Updating Models------------
------------Updating Models------------
------------Updating Models------------
------------Updating Models------------
------------Updating Models------------
------------Updating Models------------
------------Updating Models------------
------------Updating Models------------
------------Updating Models------------
------------Updating Models------------
------------Updating Models------------
------------Updating Models------------
------------Updating Models------------
------------Updating Models------------
------------Updating Models------------
------------Updating Models------------
------------Updating Models------------
------------Updating Models------------
------------Updating Models------------
------------Updating Models------------
------------Updating Models------------
------------Updating Models------------
------------Updating Models------------
------------Updating Models------------
------------Updating Models------------
------------Updating Models------------
------------Updating Models------------
------------Updating Models------------
------------Updating Models------------
update activity num:  19  ->  20
------------Updating Models------------
------------Updating Models------------
------------Updating Models------------
------------Updating Models------------
------------Updating Models------------
------------Updating Models------------
------------Updating Models------------
------------Updating Models------------
------------Updating Models------------
------------Updating Models------------
------------Updating Models------------
------------Updating Models------------
------------Updating Models------------
------------Updating Models------------
------------Updating Models------------
------------Updating Models------------
------------Updating Models------------
------------Updating Models------------
------------Updating Models------------
------------Updating Models------------
------------Updating Models------------
------------Saving Results------------
drift:  69 [4734, 4917, 5142, 5309, 5530, 5704, 6046, 6158, 6362, 6788, 6973, 7089, 7293, 7452, 7642, 7819, 8067, 8213, 8415, 9436, 9447, 9489, 9662, 9827, 10013, 11019, 11086, 11248, 11440, 11624, 11798, 11978, 12145, 12323, 12484, 12673, 12841, 13027, 13731, 14960, 15150, 15277, 15434, 15627, 15778, 15961, 16130, 16312, 16483, 16667, 16840, 17114, 17230, 17408, 20040, 20065, 20089, 20250, 20431, 20591, 20795, 21021, 21608, 21770, 21950, 22512, 23100, 23948, 30721]
average accuracy:  0.8790950934087423
average fscore:  0.371394827392278
average consistency:  0.0
total time:  799.9540045310023
Experiment results saved to results/result_BPIC2020_RequestForPayment.csv
event_log:BPIC2020_RequestForPayment, discovery_algorithm:IND, prediction_algorithm:Transformer, dynamic_update:True, update_strategy:finetune, apply_constraint:True, use_consistency:True, use_only_conflict_data:True, confidence_threshold:0.5, consistency_alpha:0.5, win_min:300, adwin_threshold:1.282
torch_device: cuda:1
------------Initialization------------
------------Online ActivityPrediction------------
------------Updating Models------------
------------Updating Models------------
------------Updating Models------------
update activity num:  15  ->  18
------------Updating Models------------
------------Updating Models------------
update activity num:  18  ->  19
------------Updating Models------------
------------Updating Models------------
------------Updating Models------------
------------Updating Models------------
update activity num:  19  ->  20
------------Updating Models------------
------------Saving Results------------
drift:  10 [4734, 4917, 6080, 6114, 6325, 7273, 7485, 12707, 16633, 17432]
average accuracy:  0.8849312595890617
average fscore:  0.37788379550382784
average consistency:  0.0
total time:  437.29124095099905
Experiment results saved to results/result_BPIC2020_RequestForPayment.csv
event_log:BPIC2020_RequestForPayment, discovery_algorithm:IND, prediction_algorithm:Transformer, dynamic_update:True, update_strategy:finetune, apply_constraint:True, use_consistency:True, use_only_conflict_data:True, confidence_threshold:0.5, consistency_alpha:0.5, win_min:300, adwin_threshold:1.645
torch_device: cuda:1
------------Initialization------------
------------Online ActivityPrediction------------
------------Updating Models------------
------------Updating Models------------
------------Updating Models------------
update activity num:  15  ->  18
------------Updating Models------------
------------Updating Models------------
update activity num:  18  ->  19
------------Updating Models------------
------------Updating Models------------
update activity num:  19  ->  20
------------Updating Models------------
------------Updating Models------------
------------Saving Results------------
drift:  9 [4734, 4917, 6094, 6123, 6334, 7299, 16629, 16630, 17491]
average accuracy:  0.883096176408652
average fscore:  0.37742620524816906
average consistency:  0.0
total time:  413.883552942003
Experiment results saved to results/result_BPIC2020_RequestForPayment.csv
event_log:BPIC2020_RequestForPayment, discovery_algorithm:IND, prediction_algorithm:Transformer, dynamic_update:True, update_strategy:finetune, apply_constraint:True, use_consistency:True, use_only_conflict_data:True, confidence_threshold:0.5, consistency_alpha:0.5, win_min:300, adwin_threshold:2.326
torch_device: cuda:1
------------Initialization------------
------------Online ActivityPrediction------------
------------Updating Models------------
update activity num:  15  ->  17
------------Updating Models------------
update activity num:  17  ->  18
------------Updating Models------------
update activity num:  18  ->  19
------------Updating Models------------
------------Updating Models------------
update activity num:  19  ->  20
------------Updating Models------------
------------Updating Models------------
------------Saving Results------------
drift:  7 [6064, 6246, 6434, 6633, 16776, 16785, 17420]
average accuracy:  0.8849011762582353
average fscore:  0.36826556112695796
average consistency:  0.0
total time:  346.0308196549995
Experiment results saved to results/result_BPIC2020_RequestForPayment.csv
event_log:BPIC2020_RequestForPayment, discovery_algorithm:IND, prediction_algorithm:Transformer, dynamic_update:True, update_strategy:finetune, apply_constraint:True, use_consistency:True, use_only_conflict_data:True, confidence_threshold:0.5, consistency_alpha:0.5, win_min:300, adwin_threshold:2.576
torch_device: cuda:1
------------Initialization------------
------------Online ActivityPrediction------------
------------Updating Models------------
update activity num:  15  ->  17
------------Updating Models------------
update activity num:  17  ->  18
------------Updating Models------------
update activity num:  18  ->  19
------------Updating Models------------
update activity num:  19  ->  20
------------Updating Models------------
------------Updating Models------------
------------Saving Results------------
drift:  6 [6064, 6246, 6894, 20038, 23278, 23936]
average accuracy:  0.8846304262807978
average fscore:  0.3634963514005718
average consistency:  0.0
total time:  479.81465996300176
Experiment results saved to results/result_BPIC2020_RequestForPayment.csv
event_log:BPIC2020_RequestForPayment, discovery_algorithm:IND, prediction_algorithm:Transformer, dynamic_update:True, update_strategy:finetune, apply_constraint:True, use_consistency:True, use_only_conflict_data:True, confidence_threshold:0.5, consistency_alpha:0.5, win_min:300, adwin_threshold:3.09
torch_device: cuda:1
------------Initialization------------
------------Online ActivityPrediction------------
------------Updating Models------------
update activity num:  15  ->  17
------------Updating Models------------
update activity num:  17  ->  18
------------Saving Results------------
drift:  2 [6064, 6246]
average accuracy:  0.876989260250895
average fscore:  0.30218069343250087
average consistency:  0.0
total time:  360.9363401740011
Experiment results saved to results/result_BPIC2020_RequestForPayment.csv
event_log:BPIC2020_RequestForPayment, discovery_algorithm:IND, prediction_algorithm:Transformer, dynamic_update:True, update_strategy:finetune, apply_constraint:True, use_consistency:True, use_only_conflict_data:True, confidence_threshold:0.5, consistency_alpha:0.75, win_min:300, adwin_threshold:0
torch_device: cuda:1
------------Initialization------------
------------Online ActivityPrediction------------
------------Updating Models------------
------------Updating Models------------
------------Updating Models------------
------------Updating Models------------
------------Updating Models------------
------------Updating Models------------
------------Updating Models------------
------------Updating Models------------
update activity num:  15  ->  18
------------Updating Models------------
update activity num:  18  ->  19
------------Updating Models------------
------------Updating Models------------
------------Updating Models------------
------------Updating Models------------
------------Updating Models------------
------------Updating Models------------
------------Updating Models------------
------------Updating Models------------
------------Updating Models------------
------------Updating Models------------
------------Updating Models------------
------------Updating Models------------
------------Updating Models------------
------------Updating Models------------
------------Updating Models------------
------------Updating Models------------
------------Updating Models------------
------------Updating Models------------
------------Updating Models------------
------------Updating Models------------
------------Updating Models------------
------------Updating Models------------
------------Updating Models------------
------------Updating Models------------
------------Updating Models------------
------------Updating Models------------
------------Updating Models------------
------------Updating Models------------
------------Updating Models------------
------------Updating Models------------
------------Updating Models------------
------------Updating Models------------
------------Updating Models------------
------------Updating Models------------
------------Updating Models------------
------------Updating Models------------
------------Updating Models------------
------------Updating Models------------
------------Updating Models------------
------------Updating Models------------
------------Updating Models------------
------------Updating Models------------
------------Updating Models------------
------------Updating Models------------
update activity num:  19  ->  20
------------Updating Models------------
------------Updating Models------------
------------Updating Models------------
------------Updating Models------------
------------Updating Models------------
------------Updating Models------------
------------Updating Models------------
------------Updating Models------------
------------Updating Models------------
------------Updating Models------------
------------Updating Models------------
------------Updating Models------------
------------Updating Models------------
------------Updating Models------------
------------Updating Models------------
------------Updating Models------------
------------Updating Models------------
------------Updating Models------------
------------Updating Models------------
------------Updating Models------------
------------Updating Models------------
------------Updating Models------------
------------Updating Models------------
------------Updating Models------------
------------Updating Models------------
------------Updating Models------------
------------Updating Models------------
------------Updating Models------------
------------Updating Models------------
------------Updating Models------------
------------Updating Models------------
------------Updating Models------------
------------Updating Models------------
------------Updating Models------------
------------Updating Models------------
------------Updating Models------------
------------Updating Models------------
------------Updating Models------------
------------Updating Models------------
------------Updating Models------------
------------Updating Models------------
------------Updating Models------------
------------Updating Models------------
------------Updating Models------------
------------Updating Models------------
------------Updating Models------------
------------Updating Models------------
------------Updating Models------------
------------Updating Models------------
------------Updating Models------------
------------Updating Models------------
------------Updating Models------------
------------Updating Models------------
------------Updating Models------------
------------Updating Models------------
------------Updating Models------------
------------Updating Models------------
------------Updating Models------------
------------Updating Models------------
------------Updating Models------------
------------Updating Models------------
------------Updating Models------------
------------Updating Models------------
------------Updating Models------------
------------Updating Models------------
------------Updating Models------------
------------Updating Models------------
------------Updating Models------------
------------Updating Models------------
------------Updating Models------------
------------Updating Models------------
------------Updating Models------------
------------Updating Models------------
------------Updating Models------------
------------Updating Models------------
update activity num:  20  ->  21
------------Updating Models------------
------------Updating Models------------
------------Updating Models------------
------------Updating Models------------
------------Updating Models------------
------------Updating Models------------
------------Updating Models------------
------------Updating Models------------
------------Updating Models------------
------------Updating Models------------
------------Updating Models------------
------------Updating Models------------
------------Updating Models------------
------------Updating Models------------
------------Updating Models------------
------------Updating Models------------
------------Updating Models------------
------------Updating Models------------
------------Updating Models------------
------------Updating Models------------
------------Updating Models------------
------------Updating Models------------
------------Updating Models------------
------------Updating Models------------
------------Updating Models------------
------------Updating Models------------
------------Updating Models------------
------------Updating Models------------
------------Updating Models------------
------------Updating Models------------
------------Updating Models------------
update activity num:  21  ->  22
------------Updating Models------------
------------Updating Models------------
------------Updating Models------------
------------Updating Models------------
------------Updating Models------------
------------Updating Models------------
------------Updating Models------------
------------Updating Models------------
------------Saving Results------------
drift:  167 [4734, 4917, 5136, 5307, 5530, 5703, 5993, 6119, 7532, 7574, 7731, 7891, 8084, 8257, 8452, 8640, 8795, 8988, 9151, 9340, 9504, 9668, 9875, 10040, 10211, 10907, 10927, 11073, 11232, 11423, 11611, 11779, 11965, 12131, 12307, 12471, 12656, 12828, 13008, 13686, 13830, 13997, 14242, 14401, 14576, 14962, 15049, 15232, 15382, 15575, 15969, 16027, 16441, 16502, 16680, 16853, 17101, 17231, 17406, 17591, 18012, 18178, 18287, 18470, 18635, 18830, 18990, 19171, 19343, 19525, 19710, 19879, 20084, 20424, 21632, 21653, 21817, 21988, 22459, 22496, 22669, 22852, 23028, 23239, 23394, 23616, 23851, 24005, 24182, 24341, 24543, 26629, 26689, 26856, 27260, 27317, 27585, 27750, 27918, 28097, 28340, 28494, 28658, 28851, 29230, 29291, 29488, 29705, 29847, 30023, 30184, 30379, 30550, 30733, 30883, 31085, 31411, 31520, 31687, 31887, 32045, 32226, 32678, 32719, 32878, 33065, 33242, 33495, 33630, 33813, 33990, 34148, 34343, 34514, 35410, 35421, 35505, 35686, 35842, 36033, 36185, 36378, 36557, 36750, 37008, 37131, 37300, 37514, 37677, 37852, 38027, 38196, 38395, 38864, 38899, 39061, 39288, 39452, 40716, 41476, 41594, 41753, 41929, 42115, 42364, 42483, 42814]
average accuracy:  0.8689870942510755
average fscore:  0.3772144777534959
average consistency:  0.0
total time:  1376.3829643440004
Experiment results saved to results/result_BPIC2020_RequestForPayment.csv
event_log:BPIC2020_RequestForPayment, discovery_algorithm:IND, prediction_algorithm:Transformer, dynamic_update:True, update_strategy:finetune, apply_constraint:True, use_consistency:True, use_only_conflict_data:True, confidence_threshold:0.5, consistency_alpha:0.75, win_min:300, adwin_threshold:0.674
torch_device: cuda:1
------------Initialization------------
------------Online ActivityPrediction------------
------------Updating Models------------
------------Updating Models------------
------------Updating Models------------
update activity num:  15  ->  18
------------Updating Models------------
------------Updating Models------------
update activity num:  18  ->  19
------------Updating Models------------
------------Updating Models------------
------------Updating Models------------
update activity num:  19  ->  20
------------Saving Results------------
drift:  8 [4734, 4917, 6092, 6121, 6333, 7299, 13026, 16770]
average accuracy:  0.8880298426641797
average fscore:  0.37258476234250376
average consistency:  0.0
total time:  449.93651574900287
Experiment results saved to results/result_BPIC2020_RequestForPayment.csv
New best accuracy: 0.8880298426641797
event_log:BPIC2020_RequestForPayment, discovery_algorithm:IND, prediction_algorithm:Transformer, dynamic_update:True, update_strategy:finetune, apply_constraint:True, use_consistency:True, use_only_conflict_data:True, confidence_threshold:0.5, consistency_alpha:0.75, win_min:300, adwin_threshold:1.282
torch_device: cuda:1
------------Initialization------------
------------Online ActivityPrediction------------
------------Updating Models------------
update activity num:  15  ->  17
------------Updating Models------------
update activity num:  17  ->  18
------------Updating Models------------
update activity num:  18  ->  19
------------Updating Models------------
------------Updating Models------------
update activity num:  19  ->  20
------------Updating Models------------
------------Saving Results------------
drift:  6 [6064, 6246, 6434, 6633, 18409, 19123]
average accuracy:  0.8867964261002979
average fscore:  0.3660868602953694
average consistency:  0.0
total time:  435.64353720500003
Experiment results saved to results/result_BPIC2020_RequestForPayment.csv
event_log:BPIC2020_RequestForPayment, discovery_algorithm:IND, prediction_algorithm:Transformer, dynamic_update:True, update_strategy:finetune, apply_constraint:True, use_consistency:True, use_only_conflict_data:True, confidence_threshold:0.5, consistency_alpha:0.75, win_min:300, adwin_threshold:1.645
torch_device: cuda:1
------------Initialization------------
------------Online ActivityPrediction------------
------------Updating Models------------
update activity num:  15  ->  17
------------Updating Models------------
update activity num:  17  ->  18
------------Updating Models------------
update activity num:  18  ->  19
------------Updating Models------------
------------Updating Models------------
update activity num:  19  ->  20
------------Updating Models------------
------------Saving Results------------
drift:  6 [6064, 6246, 6434, 6633, 18409, 19163]
average accuracy:  0.8864655094612075
average fscore:  0.34710232851116496
average consistency:  0.0
total time:  456.51665133500137
Experiment results saved to results/result_BPIC2020_RequestForPayment.csv
event_log:BPIC2020_RequestForPayment, discovery_algorithm:IND, prediction_algorithm:Transformer, dynamic_update:True, update_strategy:finetune, apply_constraint:True, use_consistency:True, use_only_conflict_data:True, confidence_threshold:0.5, consistency_alpha:0.75, win_min:300, adwin_threshold:2.326
torch_device: cuda:1
------------Initialization------------
------------Online ActivityPrediction------------
------------Updating Models------------
update activity num:  15  ->  17
------------Updating Models------------
update activity num:  17  ->  18
------------Updating Models------------
update activity num:  18  ->  19
------------Updating Models------------
------------Updating Models------------
update activity num:  19  ->  20
------------Updating Models------------
------------Updating Models------------
------------Updating Models------------
------------Updating Models------------
------------Updating Models------------
------------Saving Results------------
drift:  10 [6064, 6246, 6434, 6633, 18409, 20020, 20095, 20102, 20163, 20185]
average accuracy:  0.8860744261604645
average fscore:  0.3654153875244379
average consistency:  0.0
total time:  468.1635213310001
Experiment results saved to results/result_BPIC2020_RequestForPayment.csv
event_log:BPIC2020_RequestForPayment, discovery_algorithm:IND, prediction_algorithm:Transformer, dynamic_update:True, update_strategy:finetune, apply_constraint:True, use_consistency:True, use_only_conflict_data:True, confidence_threshold:0.5, consistency_alpha:0.75, win_min:300, adwin_threshold:2.576
torch_device: cuda:1
------------Initialization------------
------------Online ActivityPrediction------------
------------Updating Models------------
update activity num:  15  ->  17
------------Updating Models------------
update activity num:  17  ->  18
------------Updating Models------------
update activity num:  18  ->  19
------------Updating Models------------
------------Updating Models------------
update activity num:  19  ->  20
------------Updating Models------------
------------Updating Models------------
------------Updating Models------------
------------Updating Models------------
------------Updating Models------------
------------Saving Results------------
drift:  10 [6064, 6246, 6434, 6633, 18409, 20077, 20089, 20104, 20160, 20186]
average accuracy:  0.8860142594988117
average fscore:  0.3652616222783336
average consistency:  0.0
total time:  482.6224205159997
Experiment results saved to results/result_BPIC2020_RequestForPayment.csv
event_log:BPIC2020_RequestForPayment, discovery_algorithm:IND, prediction_algorithm:Transformer, dynamic_update:True, update_strategy:finetune, apply_constraint:True, use_consistency:True, use_only_conflict_data:True, confidence_threshold:0.5, consistency_alpha:0.75, win_min:300, adwin_threshold:3.09
torch_device: cuda:1
------------Initialization------------
------------Online ActivityPrediction------------
------------Updating Models------------
update activity num:  15  ->  17
------------Updating Models------------
update activity num:  17  ->  18
------------Updating Models------------
update activity num:  18  ->  19
------------Updating Models------------
------------Updating Models------------
update activity num:  19  ->  20
------------Updating Models------------
------------Saving Results------------
drift:  6 [6064, 6246, 6434, 6633, 18409, 20347]
average accuracy:  0.8866159261153395
average fscore:  0.36540517540047973
average consistency:  0.0
total time:  490.39647435200095
Experiment results saved to results/result_BPIC2020_RequestForPayment.csv
event_log:BPIC2020_RequestForPayment, discovery_algorithm:IND, prediction_algorithm:Transformer, dynamic_update:True, update_strategy:finetune, apply_constraint:True, use_consistency:True, use_only_conflict_data:True, confidence_threshold:0.5, consistency_alpha:1.0, win_min:300, adwin_threshold:0
torch_device: cuda:1
------------Initialization------------
------------Online ActivityPrediction------------
------------Updating Models------------
update activity num:  15  ->  17
------------Updating Models------------
update activity num:  17  ->  18
------------Updating Models------------
update activity num:  18  ->  19
------------Updating Models------------
------------Updating Models------------
update activity num:  19  ->  20
------------Updating Models------------
------------Saving Results------------
drift:  6 [6064, 6246, 6434, 6633, 18409, 19112]
average accuracy:  0.8843897596341866
average fscore:  0.3682846431579579
average consistency:  0.0
total time:  433.026799346997
Experiment results saved to results/result_BPIC2020_RequestForPayment.csv
event_log:BPIC2020_RequestForPayment, discovery_algorithm:IND, prediction_algorithm:Transformer, dynamic_update:True, update_strategy:finetune, apply_constraint:True, use_consistency:True, use_only_conflict_data:True, confidence_threshold:0.5, consistency_alpha:1.0, win_min:300, adwin_threshold:0.674
torch_device: cuda:1
------------Initialization------------
------------Online ActivityPrediction------------
------------Updating Models------------
update activity num:  15  ->  17
------------Updating Models------------
update activity num:  17  ->  18
------------Updating Models------------
update activity num:  18  ->  19
------------Updating Models------------
------------Updating Models------------
update activity num:  19  ->  20
------------Updating Models------------
------------Saving Results------------
drift:  6 [6064, 6246, 6434, 6633, 18409, 19112]
average accuracy:  0.8843897596341866
average fscore:  0.3682846431579579
average consistency:  0.0
total time:  432.96500731500055
Experiment results saved to results/result_BPIC2020_RequestForPayment.csv
event_log:BPIC2020_RequestForPayment, discovery_algorithm:IND, prediction_algorithm:Transformer, dynamic_update:True, update_strategy:finetune, apply_constraint:True, use_consistency:True, use_only_conflict_data:True, confidence_threshold:0.5, consistency_alpha:1.0, win_min:300, adwin_threshold:1.282
torch_device: cuda:1
------------Initialization------------
------------Online ActivityPrediction------------
------------Updating Models------------
update activity num:  15  ->  17
------------Updating Models------------
update activity num:  17  ->  18
------------Updating Models------------
update activity num:  18  ->  19
------------Updating Models------------
------------Updating Models------------
update activity num:  19  ->  20
------------Updating Models------------
------------Saving Results------------
drift:  6 [6064, 6246, 6434, 6633, 18409, 19119]
average accuracy:  0.8868565927619506
average fscore:  0.3660967593520367
average consistency:  0.0
total time:  429.69845927500137
Experiment results saved to results/result_BPIC2020_RequestForPayment.csv
event_log:BPIC2020_RequestForPayment, discovery_algorithm:IND, prediction_algorithm:Transformer, dynamic_update:True, update_strategy:finetune, apply_constraint:True, use_consistency:True, use_only_conflict_data:True, confidence_threshold:0.5, consistency_alpha:1.0, win_min:300, adwin_threshold:1.645
torch_device: cuda:1
------------Initialization------------
------------Online ActivityPrediction------------
------------Updating Models------------
update activity num:  15  ->  17
------------Updating Models------------
update activity num:  17  ->  18
------------Updating Models------------
update activity num:  18  ->  19
------------Updating Models------------
------------Updating Models------------
update activity num:  19  ->  20
------------Updating Models------------
------------Saving Results------------
drift:  6 [6064, 6246, 6434, 6633, 18409, 19159]
average accuracy:  0.8864955927920339
average fscore:  0.34710727800424185
average consistency:  0.0
total time:  433.32767145099933
Experiment results saved to results/result_BPIC2020_RequestForPayment.csv
event_log:BPIC2020_RequestForPayment, discovery_algorithm:IND, prediction_algorithm:Transformer, dynamic_update:True, update_strategy:finetune, apply_constraint:True, use_consistency:True, use_only_conflict_data:True, confidence_threshold:0.5, consistency_alpha:1.0, win_min:300, adwin_threshold:2.326
torch_device: cuda:1
------------Initialization------------
------------Online ActivityPrediction------------
------------Updating Models------------
update activity num:  15  ->  17
------------Updating Models------------
update activity num:  17  ->  18
------------Updating Models------------
update activity num:  18  ->  19
------------Updating Models------------
------------Updating Models------------
update activity num:  19  ->  20
------------Updating Models------------
------------Saving Results------------
drift:  6 [6064, 6246, 6434, 6633, 18409, 19273]
average accuracy:  0.8869167594236034
average fscore:  0.36675420085450205
average consistency:  0.0
total time:  446.5368965509988
Experiment results saved to results/result_BPIC2020_RequestForPayment.csv
event_log:BPIC2020_RequestForPayment, discovery_algorithm:IND, prediction_algorithm:Transformer, dynamic_update:True, update_strategy:finetune, apply_constraint:True, use_consistency:True, use_only_conflict_data:True, confidence_threshold:0.5, consistency_alpha:1.0, win_min:300, adwin_threshold:2.576
torch_device: cuda:1
------------Initialization------------
------------Online ActivityPrediction------------
------------Updating Models------------
update activity num:  15  ->  17
------------Updating Models------------
update activity num:  17  ->  18
------------Updating Models------------
update activity num:  18  ->  19
------------Updating Models------------
------------Updating Models------------
update activity num:  19  ->  20
------------Updating Models------------
------------Saving Results------------
drift:  6 [6064, 6246, 6434, 6633, 18420, 19273]
average accuracy:  0.8864955927920339
average fscore:  0.36527734213530055
average consistency:  0.0
total time:  433.196837407002
Experiment results saved to results/result_BPIC2020_RequestForPayment.csv
event_log:BPIC2020_RequestForPayment, discovery_algorithm:IND, prediction_algorithm:Transformer, dynamic_update:True, update_strategy:finetune, apply_constraint:True, use_consistency:True, use_only_conflict_data:True, confidence_threshold:0.5, consistency_alpha:1.0, win_min:300, adwin_threshold:3.09
torch_device: cuda:1
------------Initialization------------
------------Online ActivityPrediction------------
------------Updating Models------------
update activity num:  15  ->  17
------------Updating Models------------
update activity num:  17  ->  18
------------Updating Models------------
------------Updating Models------------
update activity num:  18  ->  19
------------Saving Results------------
drift:  4 [6064, 6076, 6254, 6862]
average accuracy:  0.8849011762582353
average fscore:  0.3698411217300127
average consistency:  0.0
total time:  326.9781797120013
Experiment results saved to results/result_BPIC2020_RequestForPayment.csv
event_log:BPIC2020_RequestForPayment, discovery_algorithm:ILP, prediction_algorithm:LSTM, dynamic_update:True, update_strategy:finetune, apply_constraint:True, use_consistency:True, use_only_conflict_data:True, confidence_threshold:0.5, consistency_alpha:0, win_min:300, adwin_threshold:0
torch_device: cuda:1
------------Initialization------------
------------Online ActivityPrediction------------
------------Updating Models------------
------------Updating Models------------
------------Updating Models------------
------------Updating Models------------
------------Updating Models------------
------------Updating Models------------
update activity num:  15  ->  18
------------Saving Results------------
drift:  6 [4734, 5600, 5686, 5911, 6001, 6202]
average accuracy:  0.87861376011552
average fscore:  0.29285118886360356
average consistency:  0.0
total time:  214.1327304430015
Experiment results saved to results/result_BPIC2020_RequestForPayment.csv
event_log:BPIC2020_RequestForPayment, discovery_algorithm:ILP, prediction_algorithm:LSTM, dynamic_update:True, update_strategy:finetune, apply_constraint:True, use_consistency:True, use_only_conflict_data:True, confidence_threshold:0.5, consistency_alpha:0, win_min:300, adwin_threshold:0.674
torch_device: cuda:1
------------Initialization------------
------------Online ActivityPrediction------------
------------Updating Models------------
------------Updating Models------------
------------Updating Models------------
------------Updating Models------------
------------Updating Models------------
------------Updating Models------------
update activity num:  15  ->  18
------------Updating Models------------
update activity num:  18  ->  20
------------Saving Results------------
drift:  7 [4734, 5600, 5710, 5910, 6005, 6207, 19744]
average accuracy:  0.8798471766794019
average fscore:  0.34542356368699306
average consistency:  0.0
total time:  239.11442229199747
Experiment results saved to results/result_BPIC2020_RequestForPayment.csv
event_log:BPIC2020_RequestForPayment, discovery_algorithm:ILP, prediction_algorithm:LSTM, dynamic_update:True, update_strategy:finetune, apply_constraint:True, use_consistency:True, use_only_conflict_data:True, confidence_threshold:0.5, consistency_alpha:0, win_min:300, adwin_threshold:1.282
torch_device: cuda:1
------------Initialization------------
------------Online ActivityPrediction------------
------------Updating Models------------
------------Updating Models------------
------------Updating Models------------
update activity num:  15  ->  18
------------Updating Models------------
------------Updating Models------------
update activity num:  18  ->  20
------------Saving Results------------
drift:  5 [4734, 5908, 6075, 6256, 20452]
average accuracy:  0.8852320928973256
average fscore:  0.3578456689944007
average consistency:  0.0
total time:  246.84103889499966
Experiment results saved to results/result_BPIC2020_RequestForPayment.csv
event_log:BPIC2020_RequestForPayment, discovery_algorithm:ILP, prediction_algorithm:LSTM, dynamic_update:True, update_strategy:finetune, apply_constraint:True, use_consistency:True, use_only_conflict_data:True, confidence_threshold:0.5, consistency_alpha:0, win_min:300, adwin_threshold:1.645
torch_device: cuda:1
------------Initialization------------
------------Online ActivityPrediction------------
------------Updating Models------------
------------Updating Models------------
------------Updating Models------------
update activity num:  15  ->  18
------------Updating Models------------
------------Updating Models------------
update activity num:  18  ->  20
------------Saving Results------------
drift:  5 [4734, 5918, 6080, 6259, 20440]
average accuracy:  0.8852922595589784
average fscore:  0.3595374666741814
average consistency:  0.0
total time:  244.28384768900287
Experiment results saved to results/result_BPIC2020_RequestForPayment.csv
event_log:BPIC2020_RequestForPayment, discovery_algorithm:ILP, prediction_algorithm:LSTM, dynamic_update:True, update_strategy:finetune, apply_constraint:True, use_consistency:True, use_only_conflict_data:True, confidence_threshold:0.5, consistency_alpha:0, win_min:300, adwin_threshold:2.326
torch_device: cuda:1
------------Initialization------------
------------Online ActivityPrediction------------
------------Updating Models------------
------------Updating Models------------
update activity num:  15  ->  18
------------Updating Models------------
------------Updating Models------------
------------Updating Models------------
update activity num:  18  ->  20
------------Updating Models------------
------------Saving Results------------
drift:  6 [4734, 6100, 6101, 6196, 17264, 17265]
average accuracy:  0.8821635931530339
average fscore:  0.3652146811587377
average consistency:  0.0
total time:  230.348820367999
Experiment results saved to results/result_BPIC2020_RequestForPayment.csv
event_log:BPIC2020_RequestForPayment, discovery_algorithm:ILP, prediction_algorithm:LSTM, dynamic_update:True, update_strategy:finetune, apply_constraint:True, use_consistency:True, use_only_conflict_data:True, confidence_threshold:0.5, consistency_alpha:0, win_min:300, adwin_threshold:2.576
torch_device: cuda:1
------------Initialization------------
------------Online ActivityPrediction------------
------------Updating Models------------
update activity num:  15  ->  18
------------Updating Models------------
------------Updating Models------------
update activity num:  18  ->  20
------------Saving Results------------
drift:  3 [6088, 6098, 17346]
average accuracy:  0.8688968442585963
average fscore:  0.36082528586363055
average consistency:  0.0
total time:  236.4838964260016
Experiment results saved to results/result_BPIC2020_RequestForPayment.csv
event_log:BPIC2020_RequestForPayment, discovery_algorithm:ILP, prediction_algorithm:LSTM, dynamic_update:True, update_strategy:finetune, apply_constraint:True, use_consistency:True, use_only_conflict_data:True, confidence_threshold:0.5, consistency_alpha:0, win_min:300, adwin_threshold:3.09
torch_device: cuda:1
------------Initialization------------
------------Online ActivityPrediction------------
------------Updating Models------------
update activity num:  15  ->  18
------------Updating Models------------
update activity num:  18  ->  19
------------Saving Results------------
drift:  2 [6131, 6301]
average accuracy:  0.8843596763033603
average fscore:  0.3276828811426564
average consistency:  0.0
total time:  205.53042757200092
Experiment results saved to results/result_BPIC2020_RequestForPayment.csv
event_log:BPIC2020_RequestForPayment, discovery_algorithm:ILP, prediction_algorithm:LSTM, dynamic_update:True, update_strategy:finetune, apply_constraint:True, use_consistency:True, use_only_conflict_data:True, confidence_threshold:0.5, consistency_alpha:0.25, win_min:300, adwin_threshold:0
torch_device: cuda:1
------------Initialization------------
------------Online ActivityPrediction------------
------------Updating Models------------
------------Updating Models------------
------------Updating Models------------
------------Updating Models------------
------------Updating Models------------
------------Updating Models------------
update activity num:  15  ->  18
------------Updating Models------------
update activity num:  18  ->  19
------------Updating Models------------
update activity num:  19  ->  20
------------Saving Results------------
drift:  8 [4734, 5600, 5668, 5738, 5926, 6100, 6996, 20029]
average accuracy:  0.8873379260551728
average fscore:  0.36225240366869893
average consistency:  0.0
total time:  263.5233425849983
Experiment results saved to results/result_BPIC2020_RequestForPayment.csv
event_log:BPIC2020_RequestForPayment, discovery_algorithm:ILP, prediction_algorithm:LSTM, dynamic_update:True, update_strategy:finetune, apply_constraint:True, use_consistency:True, use_only_conflict_data:True, confidence_threshold:0.5, consistency_alpha:0.25, win_min:300, adwin_threshold:0.674
torch_device: cuda:1
------------Initialization------------
------------Online ActivityPrediction------------
------------Updating Models------------
------------Updating Models------------
------------Updating Models------------
------------Updating Models------------
------------Updating Models------------
------------Updating Models------------
update activity num:  15  ->  18
------------Updating Models------------
update activity num:  18  ->  19
------------Updating Models------------
------------Updating Models------------
------------Updating Models------------
------------Updating Models------------
update activity num:  19  ->  20
------------Saving Results------------
drift:  11 [4734, 5602, 5669, 5795, 5952, 6136, 7538, 7573, 12249, 13606, 16654]
average accuracy:  0.8829758430853464
average fscore:  0.3569000925612
average consistency:  0.0
total time:  251.12979813700076
Experiment results saved to results/result_BPIC2020_RequestForPayment.csv
event_log:BPIC2020_RequestForPayment, discovery_algorithm:ILP, prediction_algorithm:LSTM, dynamic_update:True, update_strategy:finetune, apply_constraint:True, use_consistency:True, use_only_conflict_data:True, confidence_threshold:0.5, consistency_alpha:0.25, win_min:300, adwin_threshold:1.282
torch_device: cuda:1
------------Initialization------------
------------Online ActivityPrediction------------
------------Updating Models------------
------------Updating Models------------
------------Updating Models------------
update activity num:  15  ->  16
------------Updating Models------------
update activity num:  16  ->  18
------------Updating Models------------
update activity num:  18  ->  19
------------Updating Models------------
------------Updating Models------------
------------Updating Models------------
------------Updating Models------------
------------Updating Models------------
------------Updating Models------------
------------Updating Models------------
update activity num:  19  ->  20
------------Saving Results------------
drift:  12 [4734, 5910, 6060, 6246, 6434, 6633, 6973, 7461, 12619, 15209, 15913, 16626]
average accuracy:  0.8852320928973256
average fscore:  0.37240040085475046
average consistency:  0.0
total time:  256.4524149179997
Experiment results saved to results/result_BPIC2020_RequestForPayment.csv
event_log:BPIC2020_RequestForPayment, discovery_algorithm:ILP, prediction_algorithm:LSTM, dynamic_update:True, update_strategy:finetune, apply_constraint:True, use_consistency:True, use_only_conflict_data:True, confidence_threshold:0.5, consistency_alpha:0.25, win_min:300, adwin_threshold:1.645
torch_device: cuda:1
------------Initialization------------
------------Online ActivityPrediction------------
------------Updating Models------------
------------Updating Models------------
update activity num:  15  ->  16
------------Updating Models------------
update activity num:  16  ->  18
------------Updating Models------------
update activity num:  18  ->  19
------------Updating Models------------
------------Updating Models------------
------------Updating Models------------
------------Updating Models------------
update activity num:  19  ->  20
------------Updating Models------------
------------Updating Models------------
------------Updating Models------------
------------Updating Models------------
------------Updating Models------------
------------Updating Models------------
------------Updating Models------------
------------Updating Models------------
------------Updating Models------------
------------Updating Models------------
------------Updating Models------------
------------Updating Models------------
------------Updating Models------------
------------Updating Models------------
------------Saving Results------------
drift:  22 [4734, 6057, 6084, 6286, 6823, 7303, 12599, 16673, 17417, 17511, 17953, 20061, 20244, 20430, 20442, 20537, 20726, 21788, 21790, 23289, 24023, 24027]
average accuracy:  0.8843295929725339
average fscore:  0.37155779330875166
average consistency:  0.0
total time:  283.71279637800035
Experiment results saved to results/result_BPIC2020_RequestForPayment.csv
event_log:BPIC2020_RequestForPayment, discovery_algorithm:ILP, prediction_algorithm:LSTM, dynamic_update:True, update_strategy:finetune, apply_constraint:True, use_consistency:True, use_only_conflict_data:True, confidence_threshold:0.5, consistency_alpha:0.25, win_min:300, adwin_threshold:2.326
torch_device: cuda:1
------------Initialization------------
------------Online ActivityPrediction------------
------------Updating Models------------
------------Updating Models------------
update activity num:  15  ->  17
------------Updating Models------------
update activity num:  17  ->  18
------------Updating Models------------
update activity num:  18  ->  19
------------Updating Models------------
update activity num:  19  ->  20
------------Saving Results------------
drift:  5 [4766, 6064, 6098, 7517, 20239]
average accuracy:  0.8866760927769922
average fscore:  0.3729292001017216
average consistency:  0.0
total time:  253.9209058430024
Experiment results saved to results/result_BPIC2020_RequestForPayment.csv
event_log:BPIC2020_RequestForPayment, discovery_algorithm:ILP, prediction_algorithm:LSTM, dynamic_update:True, update_strategy:finetune, apply_constraint:True, use_consistency:True, use_only_conflict_data:True, confidence_threshold:0.5, consistency_alpha:0.25, win_min:300, adwin_threshold:2.576
torch_device: cuda:1
------------Initialization------------
------------Online ActivityPrediction------------
------------Updating Models------------
update activity num:  15  ->  17
------------Updating Models------------
update activity num:  17  ->  18
------------Updating Models------------
------------Updating Models------------
update activity num:  18  ->  20
------------Saving Results------------
drift:  4 [6064, 6076, 6256, 20431]
average accuracy:  0.8857435095213743
average fscore:  0.36064206793991505
average consistency:  0.0
total time:  245.6994946540035
Experiment results saved to results/result_BPIC2020_RequestForPayment.csv
event_log:BPIC2020_RequestForPayment, discovery_algorithm:ILP, prediction_algorithm:LSTM, dynamic_update:True, update_strategy:finetune, apply_constraint:True, use_consistency:True, use_only_conflict_data:True, confidence_threshold:0.5, consistency_alpha:0.25, win_min:300, adwin_threshold:3.09
torch_device: cuda:1
------------Initialization------------
------------Online ActivityPrediction------------
------------Updating Models------------
update activity num:  15  ->  17
------------Updating Models------------
update activity num:  17  ->  18
------------Updating Models------------
------------Saving Results------------
drift:  3 [6072, 6082, 6258]
average accuracy:  0.8805992599500617
average fscore:  0.2971261251687499
average consistency:  0.0
total time:  214.31704059200274
Experiment results saved to results/result_BPIC2020_RequestForPayment.csv
event_log:BPIC2020_RequestForPayment, discovery_algorithm:ILP, prediction_algorithm:LSTM, dynamic_update:True, update_strategy:finetune, apply_constraint:True, use_consistency:True, use_only_conflict_data:True, confidence_threshold:0.5, consistency_alpha:0.5, win_min:300, adwin_threshold:0
torch_device: cuda:1
------------Initialization------------
------------Online ActivityPrediction------------
------------Updating Models------------
------------Updating Models------------
------------Updating Models------------
------------Updating Models------------
------------Updating Models------------
------------Updating Models------------
update activity num:  15  ->  18
------------Updating Models------------
update activity num:  18  ->  19
------------Updating Models------------
update activity num:  19  ->  20
------------Saving Results------------
drift:  8 [4734, 5600, 5668, 5738, 5926, 6100, 6996, 20029]
average accuracy:  0.8873379260551728
average fscore:  0.36225240366869893
average consistency:  0.0
total time:  254.14056534700285
Experiment results saved to results/result_BPIC2020_RequestForPayment.csv
event_log:BPIC2020_RequestForPayment, discovery_algorithm:ILP, prediction_algorithm:LSTM, dynamic_update:True, update_strategy:finetune, apply_constraint:True, use_consistency:True, use_only_conflict_data:True, confidence_threshold:0.5, consistency_alpha:0.5, win_min:300, adwin_threshold:0.674
torch_device: cuda:1
------------Initialization------------
------------Online ActivityPrediction------------
------------Updating Models------------
------------Updating Models------------
------------Updating Models------------
------------Updating Models------------
------------Updating Models------------
update activity num:  15  ->  18
------------Saving Results------------
drift:  5 [4734, 5685, 5925, 6016, 6221]
average accuracy:  0.8771095935742005
average fscore:  0.29221330087539477
average consistency:  0.0
total time:  207.99304167100127
Experiment results saved to results/result_BPIC2020_RequestForPayment.csv
event_log:BPIC2020_RequestForPayment, discovery_algorithm:ILP, prediction_algorithm:LSTM, dynamic_update:True, update_strategy:finetune, apply_constraint:True, use_consistency:True, use_only_conflict_data:True, confidence_threshold:0.5, consistency_alpha:0.5, win_min:300, adwin_threshold:1.282
torch_device: cuda:1
------------Initialization------------
------------Online ActivityPrediction------------
------------Updating Models------------
------------Updating Models------------
update activity num:  15  ->  16
------------Updating Models------------
update activity num:  16  ->  18
------------Updating Models------------
update activity num:  18  ->  19
------------Updating Models------------
------------Updating Models------------
------------Updating Models------------
update activity num:  19  ->  20
------------Updating Models------------
------------Updating Models------------
------------Updating Models------------
------------Updating Models------------
------------Updating Models------------
------------Updating Models------------
------------Updating Models------------
------------Updating Models------------
------------Updating Models------------
------------Updating Models------------
------------Updating Models------------
------------Updating Models------------
------------Updating Models------------
------------Updating Models------------
------------Updating Models------------
------------Updating Models------------
------------Updating Models------------
------------Updating Models------------
------------Updating Models------------
------------Updating Models------------
------------Updating Models------------
------------Updating Models------------
------------Updating Models------------
------------Updating Models------------
------------Updating Models------------
------------Updating Models------------
------------Updating Models------------
------------Updating Models------------
------------Updating Models------------
------------Updating Models------------
------------Updating Models------------
------------Updating Models------------
------------Saving Results------------
drift:  39 [4734, 6050, 6098, 6293, 6468, 7244, 16461, 16643, 16656, 16692, 16864, 17115, 17509, 17557, 19744, 20294, 20430, 20434, 20532, 20719, 21130, 21653, 21790, 21873, 22047, 22454, 22524, 22692, 22886, 23055, 23265, 23417, 23653, 23815, 24000, 24176, 24336, 24535, 29894]
average accuracy:  0.8844198429650131
average fscore:  0.37529309814746287
average consistency:  0.0
total time:  337.84418044200356
Experiment results saved to results/result_BPIC2020_RequestForPayment.csv
event_log:BPIC2020_RequestForPayment, discovery_algorithm:ILP, prediction_algorithm:LSTM, dynamic_update:True, update_strategy:finetune, apply_constraint:True, use_consistency:True, use_only_conflict_data:True, confidence_threshold:0.5, consistency_alpha:0.5, win_min:300, adwin_threshold:1.645
torch_device: cuda:1
------------Initialization------------
------------Online ActivityPrediction------------
------------Updating Models------------
------------Updating Models------------
update activity num:  15  ->  16
------------Updating Models------------
update activity num:  16  ->  18
------------Updating Models------------
update activity num:  18  ->  19
------------Updating Models------------
update activity num:  19  ->  20
------------Updating Models------------
------------Saving Results------------
drift:  6 [4734, 6050, 6107, 6548, 16346, 16498]
average accuracy:  0.8830059264161728
average fscore:  0.37146523747319116
average consistency:  0.0
total time:  231.520110330006
Experiment results saved to results/result_BPIC2020_RequestForPayment.csv
event_log:BPIC2020_RequestForPayment, discovery_algorithm:ILP, prediction_algorithm:LSTM, dynamic_update:True, update_strategy:finetune, apply_constraint:True, use_consistency:True, use_only_conflict_data:True, confidence_threshold:0.5, consistency_alpha:0.5, win_min:300, adwin_threshold:2.326
torch_device: cuda:1
------------Initialization------------
------------Online ActivityPrediction------------
------------Updating Models------------
update activity num:  15  ->  16
------------Updating Models------------
update activity num:  16  ->  18
------------Updating Models------------
update activity num:  18  ->  19
------------Updating Models------------
------------Updating Models------------
update activity num:  19  ->  20
------------Saving Results------------
drift:  5 [6062, 6246, 6434, 6633, 18409]
average accuracy:  0.8832465930627839
average fscore:  0.3706527634263735
average consistency:  0.0
total time:  189.9491625139999
Experiment results saved to results/result_BPIC2020_RequestForPayment.csv
event_log:BPIC2020_RequestForPayment, discovery_algorithm:ILP, prediction_algorithm:LSTM, dynamic_update:True, update_strategy:finetune, apply_constraint:True, use_consistency:True, use_only_conflict_data:True, confidence_threshold:0.5, consistency_alpha:0.5, win_min:300, adwin_threshold:2.576
torch_device: cuda:1
------------Initialization------------
------------Online ActivityPrediction------------
------------Updating Models------------
update activity num:  15  ->  16
------------Updating Models------------
update activity num:  16  ->  18
------------Updating Models------------
update activity num:  18  ->  19
------------Updating Models------------
------------Updating Models------------
update activity num:  19  ->  20
------------Saving Results------------
drift:  5 [6062, 6246, 6434, 6633, 18409]
average accuracy:  0.8832465930627839
average fscore:  0.3706527634263735
average consistency:  0.0
total time:  233.47270042900345
Experiment results saved to results/result_BPIC2020_RequestForPayment.csv
event_log:BPIC2020_RequestForPayment, discovery_algorithm:ILP, prediction_algorithm:LSTM, dynamic_update:True, update_strategy:finetune, apply_constraint:True, use_consistency:True, use_only_conflict_data:True, confidence_threshold:0.5, consistency_alpha:0.5, win_min:300, adwin_threshold:3.09
torch_device: cuda:1
------------Initialization------------
------------Online ActivityPrediction------------
------------Updating Models------------
update activity num:  15  ->  16
------------Updating Models------------
update activity num:  16  ->  17
------------Updating Models------------
update activity num:  17  ->  18
------------Updating Models------------
update activity num:  18  ->  19
------------Updating Models------------
------------Updating Models------------
update activity num:  19  ->  20
------------Saving Results------------
drift:  6 [6062, 6064, 6246, 6434, 6633, 18409]
average accuracy:  0.884720676273277
average fscore:  0.3686445623081632
average consistency:  0.0
total time:  235.0459009200058
Experiment results saved to results/result_BPIC2020_RequestForPayment.csv
event_log:BPIC2020_RequestForPayment, discovery_algorithm:ILP, prediction_algorithm:LSTM, dynamic_update:True, update_strategy:finetune, apply_constraint:True, use_consistency:True, use_only_conflict_data:True, confidence_threshold:0.5, consistency_alpha:0.75, win_min:300, adwin_threshold:0
torch_device: cuda:1
------------Initialization------------
------------Online ActivityPrediction------------
------------Updating Models------------
------------Updating Models------------
------------Updating Models------------
------------Updating Models------------
------------Updating Models------------
------------Updating Models------------
update activity num:  15  ->  18
------------Updating Models------------
update activity num:  18  ->  19
------------Updating Models------------
update activity num:  19  ->  20
------------Saving Results------------
drift:  8 [4734, 5600, 5668, 5738, 5926, 6100, 6996, 20029]
average accuracy:  0.8873379260551728
average fscore:  0.36225240366869893
average consistency:  0.0
total time:  246.72388506800053
Experiment results saved to results/result_BPIC2020_RequestForPayment.csv
event_log:BPIC2020_RequestForPayment, discovery_algorithm:ILP, prediction_algorithm:LSTM, dynamic_update:True, update_strategy:finetune, apply_constraint:True, use_consistency:True, use_only_conflict_data:True, confidence_threshold:0.5, consistency_alpha:0.75, win_min:300, adwin_threshold:0.674
torch_device: cuda:1
------------Initialization------------
------------Online ActivityPrediction------------
------------Updating Models------------
------------Updating Models------------
update activity num:  15  ->  16
------------Updating Models------------
update activity num:  16  ->  18
------------Updating Models------------
update activity num:  18  ->  19
------------Updating Models------------
------------Updating Models------------
------------Updating Models------------
update activity num:  19  ->  20
------------Updating Models------------
------------Updating Models------------
------------Updating Models------------
------------Updating Models------------
------------Updating Models------------
------------Updating Models------------
------------Updating Models------------
------------Updating Models------------
------------Updating Models------------
------------Saving Results------------
drift:  16 [4734, 6050, 6104, 6300, 6473, 7252, 16332, 16334, 16356, 16402, 16586, 16766, 16922, 17118, 17550, 20770]
average accuracy:  0.8850215095815409
average fscore:  0.3744052120083886
average consistency:  0.0
total time:  266.0972928170013
Experiment results saved to results/result_BPIC2020_RequestForPayment.csv
event_log:BPIC2020_RequestForPayment, discovery_algorithm:ILP, prediction_algorithm:LSTM, dynamic_update:True, update_strategy:finetune, apply_constraint:True, use_consistency:True, use_only_conflict_data:True, confidence_threshold:0.5, consistency_alpha:0.75, win_min:300, adwin_threshold:1.282
torch_device: cuda:1
------------Initialization------------
------------Online ActivityPrediction------------
------------Updating Models------------
update activity num:  15  ->  16
------------Updating Models------------
update activity num:  16  ->  18
------------Updating Models------------
update activity num:  18  ->  19
------------Updating Models------------
------------Updating Models------------
update activity num:  19  ->  20
------------Saving Results------------
drift:  5 [6062, 6246, 6434, 6633, 18409]
average accuracy:  0.8832465930627839
average fscore:  0.3706527634263735
average consistency:  0.0
total time:  248.49092531499628
Experiment results saved to results/result_BPIC2020_RequestForPayment.csv
event_log:BPIC2020_RequestForPayment, discovery_algorithm:ILP, prediction_algorithm:LSTM, dynamic_update:True, update_strategy:finetune, apply_constraint:True, use_consistency:True, use_only_conflict_data:True, confidence_threshold:0.5, consistency_alpha:0.75, win_min:300, adwin_threshold:1.645
torch_device: cuda:1
------------Initialization------------
------------Online ActivityPrediction------------
------------Updating Models------------
update activity num:  15  ->  16
------------Updating Models------------
update activity num:  16  ->  18
------------Updating Models------------
update activity num:  18  ->  19
------------Updating Models------------
------------Updating Models------------
update activity num:  19  ->  20
------------Saving Results------------
drift:  5 [6062, 6246, 6434, 6633, 18409]
average accuracy:  0.8832465930627839
average fscore:  0.3706527634263735
average consistency:  0.0
total time:  237.70571790999384
Experiment results saved to results/result_BPIC2020_RequestForPayment.csv
event_log:BPIC2020_RequestForPayment, discovery_algorithm:ILP, prediction_algorithm:LSTM, dynamic_update:True, update_strategy:finetune, apply_constraint:True, use_consistency:True, use_only_conflict_data:True, confidence_threshold:0.5, consistency_alpha:0.75, win_min:300, adwin_threshold:2.326
torch_device: cuda:1
------------Initialization------------
------------Online ActivityPrediction------------
------------Updating Models------------
update activity num:  15  ->  16
------------Updating Models------------
update activity num:  16  ->  18
------------Updating Models------------
update activity num:  18  ->  19
------------Updating Models------------
------------Updating Models------------
update activity num:  19  ->  20
------------Saving Results------------
drift:  5 [6062, 6246, 6434, 6633, 18409]
average accuracy:  0.8832465930627839
average fscore:  0.3706527634263735
average consistency:  0.0
total time:  237.10899935600173
Experiment results saved to results/result_BPIC2020_RequestForPayment.csv
event_log:BPIC2020_RequestForPayment, discovery_algorithm:ILP, prediction_algorithm:LSTM, dynamic_update:True, update_strategy:finetune, apply_constraint:True, use_consistency:True, use_only_conflict_data:True, confidence_threshold:0.5, consistency_alpha:0.75, win_min:300, adwin_threshold:2.576
torch_device: cuda:1
------------Initialization------------
------------Online ActivityPrediction------------
------------Updating Models------------
update activity num:  15  ->  16
------------Updating Models------------
update activity num:  16  ->  18
------------Updating Models------------
update activity num:  18  ->  19
------------Updating Models------------
------------Updating Models------------
update activity num:  19  ->  20
------------Saving Results------------
drift:  5 [6062, 6246, 6434, 6633, 18409]
average accuracy:  0.8832465930627839
average fscore:  0.3706527634263735
average consistency:  0.0
total time:  236.37667425900145
Experiment results saved to results/result_BPIC2020_RequestForPayment.csv
event_log:BPIC2020_RequestForPayment, discovery_algorithm:ILP, prediction_algorithm:LSTM, dynamic_update:True, update_strategy:finetune, apply_constraint:True, use_consistency:True, use_only_conflict_data:True, confidence_threshold:0.5, consistency_alpha:0.75, win_min:300, adwin_threshold:3.09
torch_device: cuda:1
------------Initialization------------
------------Online ActivityPrediction------------
------------Updating Models------------
update activity num:  15  ->  16
------------Updating Models------------
update activity num:  16  ->  18
------------Updating Models------------
------------Updating Models------------
update activity num:  18  ->  19
------------Saving Results------------
drift:  4 [6062, 6075, 6252, 6437]
average accuracy:  0.8841190096567492
average fscore:  0.3261030008493094
average consistency:  0.0
total time:  207.34043460399698
Experiment results saved to results/result_BPIC2020_RequestForPayment.csv
event_log:BPIC2020_RequestForPayment, discovery_algorithm:ILP, prediction_algorithm:LSTM, dynamic_update:True, update_strategy:finetune, apply_constraint:True, use_consistency:True, use_only_conflict_data:True, confidence_threshold:0.5, consistency_alpha:1.0, win_min:300, adwin_threshold:0
torch_device: cuda:1
------------Initialization------------
------------Online ActivityPrediction------------
------------Updating Models------------
update activity num:  15  ->  16
------------Updating Models------------
update activity num:  16  ->  18
------------Updating Models------------
update activity num:  18  ->  19
------------Updating Models------------
------------Updating Models------------
update activity num:  19  ->  20
------------Saving Results------------
drift:  5 [6062, 6246, 6434, 6633, 18409]
average accuracy:  0.8832465930627839
average fscore:  0.3706527634263735
average consistency:  0.0
total time:  236.243123921995
Experiment results saved to results/result_BPIC2020_RequestForPayment.csv
event_log:BPIC2020_RequestForPayment, discovery_algorithm:ILP, prediction_algorithm:LSTM, dynamic_update:True, update_strategy:finetune, apply_constraint:True, use_consistency:True, use_only_conflict_data:True, confidence_threshold:0.5, consistency_alpha:1.0, win_min:300, adwin_threshold:0.674
torch_device: cuda:1
------------Initialization------------
------------Online ActivityPrediction------------
------------Updating Models------------
update activity num:  15  ->  16
------------Updating Models------------
update activity num:  16  ->  18
------------Updating Models------------
update activity num:  18  ->  19
------------Updating Models------------
------------Updating Models------------
update activity num:  19  ->  20
------------Saving Results------------
drift:  5 [6062, 6246, 6434, 6633, 18409]
average accuracy:  0.8832465930627839
average fscore:  0.3706527634263735
average consistency:  0.0
total time:  235.1190430630013
Experiment results saved to results/result_BPIC2020_RequestForPayment.csv
event_log:BPIC2020_RequestForPayment, discovery_algorithm:ILP, prediction_algorithm:LSTM, dynamic_update:True, update_strategy:finetune, apply_constraint:True, use_consistency:True, use_only_conflict_data:True, confidence_threshold:0.5, consistency_alpha:1.0, win_min:300, adwin_threshold:1.282
torch_device: cuda:1
------------Initialization------------
------------Online ActivityPrediction------------
------------Updating Models------------
update activity num:  15  ->  16
------------Updating Models------------
update activity num:  16  ->  18
------------Updating Models------------
update activity num:  18  ->  19
------------Updating Models------------
------------Updating Models------------
update activity num:  19  ->  20
------------Saving Results------------
drift:  5 [6062, 6246, 6434, 6633, 18409]
average accuracy:  0.8832465930627839
average fscore:  0.3706527634263735
average consistency:  0.0
total time:  236.73600910900132
Experiment results saved to results/result_BPIC2020_RequestForPayment.csv
event_log:BPIC2020_RequestForPayment, discovery_algorithm:ILP, prediction_algorithm:LSTM, dynamic_update:True, update_strategy:finetune, apply_constraint:True, use_consistency:True, use_only_conflict_data:True, confidence_threshold:0.5, consistency_alpha:1.0, win_min:300, adwin_threshold:1.645
torch_device: cuda:1
------------Initialization------------
------------Online ActivityPrediction------------
------------Updating Models------------
update activity num:  15  ->  16
------------Updating Models------------
update activity num:  16  ->  18
------------Updating Models------------
update activity num:  18  ->  19
------------Updating Models------------
------------Updating Models------------
update activity num:  19  ->  20
------------Saving Results------------
drift:  5 [6062, 6246, 6434, 6633, 18409]
average accuracy:  0.8832465930627839
average fscore:  0.3706527634263735
average consistency:  0.0
total time:  244.28800721099833
Experiment results saved to results/result_BPIC2020_RequestForPayment.csv
event_log:BPIC2020_RequestForPayment, discovery_algorithm:ILP, prediction_algorithm:LSTM, dynamic_update:True, update_strategy:finetune, apply_constraint:True, use_consistency:True, use_only_conflict_data:True, confidence_threshold:0.5, consistency_alpha:1.0, win_min:300, adwin_threshold:2.326
torch_device: cuda:1
------------Initialization------------
------------Online ActivityPrediction------------
------------Updating Models------------
update activity num:  15  ->  16
------------Updating Models------------
update activity num:  16  ->  17
------------Updating Models------------
update activity num:  17  ->  18
------------Updating Models------------
update activity num:  18  ->  19
------------Updating Models------------
------------Updating Models------------
update activity num:  19  ->  20
------------Saving Results------------
drift:  6 [6062, 6064, 6246, 6434, 6633, 18409]
average accuracy:  0.884720676273277
average fscore:  0.3686445623081632
average consistency:  0.0
total time:  249.6443286499998
Experiment results saved to results/result_BPIC2020_RequestForPayment.csv
event_log:BPIC2020_RequestForPayment, discovery_algorithm:ILP, prediction_algorithm:LSTM, dynamic_update:True, update_strategy:finetune, apply_constraint:True, use_consistency:True, use_only_conflict_data:True, confidence_threshold:0.5, consistency_alpha:1.0, win_min:300, adwin_threshold:2.576
torch_device: cuda:1
------------Initialization------------
------------Online ActivityPrediction------------
------------Updating Models------------
update activity num:  15  ->  16
------------Updating Models------------
update activity num:  16  ->  18
------------Updating Models------------
------------Updating Models------------
update activity num:  18  ->  19
------------Saving Results------------
drift:  4 [6062, 6076, 6254, 6438]
average accuracy:  0.8845401762883186
average fscore:  0.3270422726342933
average consistency:  0.0
total time:  215.7784657700031
Experiment results saved to results/result_BPIC2020_RequestForPayment.csv
event_log:BPIC2020_RequestForPayment, discovery_algorithm:ILP, prediction_algorithm:LSTM, dynamic_update:True, update_strategy:finetune, apply_constraint:True, use_consistency:True, use_only_conflict_data:True, confidence_threshold:0.5, consistency_alpha:1.0, win_min:300, adwin_threshold:3.09
torch_device: cuda:1
------------Initialization------------
------------Online ActivityPrediction------------
------------Updating Models------------
update activity num:  15  ->  16
------------Updating Models------------
update activity num:  16  ->  18
------------Updating Models------------
------------Updating Models------------
update activity num:  18  ->  19
------------Saving Results------------
drift:  4 [6062, 6110, 6268, 6449]
average accuracy:  0.8837279263560062
average fscore:  0.3242454024242437
average consistency:  0.0
total time:  198.00703263699688
Experiment results saved to results/result_BPIC2020_RequestForPayment.csv
event_log:BPIC2020_RequestForPayment, discovery_algorithm:ILP, prediction_algorithm:Transformer, dynamic_update:True, update_strategy:finetune, apply_constraint:True, use_consistency:True, use_only_conflict_data:True, confidence_threshold:0.5, consistency_alpha:0, win_min:300, adwin_threshold:0
torch_device: cuda:1
------------Initialization------------
------------Online ActivityPrediction------------
------------Updating Models------------
------------Updating Models------------
------------Updating Models------------
------------Updating Models------------
------------Updating Models------------
------------Updating Models------------
update activity num:  15  ->  18
------------Updating Models------------
update activity num:  18  ->  20
------------Updating Models------------
------------Saving Results------------
drift:  8 [4734, 5600, 5686, 5902, 5999, 6199, 16649, 16744]
average accuracy:  0.8125808489515959
average fscore:  0.3511695904647897
average consistency:  0.0
total time:  400.74518872000044
Experiment results saved to results/result_BPIC2020_RequestForPayment.csv
event_log:BPIC2020_RequestForPayment, discovery_algorithm:ILP, prediction_algorithm:Transformer, dynamic_update:True, update_strategy:finetune, apply_constraint:True, use_consistency:True, use_only_conflict_data:True, confidence_threshold:0.5, consistency_alpha:0, win_min:300, adwin_threshold:0.674
torch_device: cuda:1
------------Initialization------------
------------Online ActivityPrediction------------
------------Updating Models------------
------------Updating Models------------
------------Updating Models------------
------------Updating Models------------
------------Updating Models------------
------------Updating Models------------
update activity num:  15  ->  18
------------Updating Models------------
update activity num:  18  ->  20
------------Updating Models------------
------------Saving Results------------
drift:  8 [4734, 5600, 5710, 5910, 6005, 6207, 17078, 17154]
average accuracy:  0.8775006768749436
average fscore:  0.3578779865625398
average consistency:  0.0
total time:  411.26800489000016
Experiment results saved to results/result_BPIC2020_RequestForPayment.csv
event_log:BPIC2020_RequestForPayment, discovery_algorithm:ILP, prediction_algorithm:Transformer, dynamic_update:True, update_strategy:finetune, apply_constraint:True, use_consistency:True, use_only_conflict_data:True, confidence_threshold:0.5, consistency_alpha:0, win_min:300, adwin_threshold:1.282
torch_device: cuda:1
------------Initialization------------
------------Online ActivityPrediction------------
------------Updating Models------------
------------Updating Models------------
------------Updating Models------------
update activity num:  15  ->  18
------------Updating Models------------
------------Updating Models------------
update activity num:  18  ->  20
------------Updating Models------------
------------Saving Results------------
drift:  6 [4734, 5910, 6079, 6258, 17117, 21721]
average accuracy:  0.8830059264161728
average fscore:  0.36275842241193923
average consistency:  0.0
total time:  426.0630463999987
Experiment results saved to results/result_BPIC2020_RequestForPayment.csv
event_log:BPIC2020_RequestForPayment, discovery_algorithm:ILP, prediction_algorithm:Transformer, dynamic_update:True, update_strategy:finetune, apply_constraint:True, use_consistency:True, use_only_conflict_data:True, confidence_threshold:0.5, consistency_alpha:0, win_min:300, adwin_threshold:1.645
torch_device: cuda:1
------------Initialization------------
------------Online ActivityPrediction------------
------------Updating Models------------
------------Updating Models------------
update activity num:  15  ->  18
------------Updating Models------------
------------Updating Models------------
update activity num:  18  ->  19
------------Updating Models------------
update activity num:  19  ->  20
------------Saving Results------------
drift:  5 [4734, 6082, 6094, 7478, 20341]
average accuracy:  0.8866460094461659
average fscore:  0.37425523839968544
average consistency:  0.0
total time:  416.0796734359974
Experiment results saved to results/result_BPIC2020_RequestForPayment.csv
event_log:BPIC2020_RequestForPayment, discovery_algorithm:ILP, prediction_algorithm:Transformer, dynamic_update:True, update_strategy:finetune, apply_constraint:True, use_consistency:True, use_only_conflict_data:True, confidence_threshold:0.5, consistency_alpha:0, win_min:300, adwin_threshold:2.326
torch_device: cuda:1
------------Initialization------------
------------Online ActivityPrediction------------
------------Updating Models------------
------------Updating Models------------
update activity num:  15  ->  18
------------Updating Models------------
update activity num:  18  ->  19
------------Updating Models------------
update activity num:  19  ->  20
------------Saving Results------------
drift:  4 [4734, 6138, 6330, 20340]
average accuracy:  0.88511175957402
average fscore:  0.3638403224114565
average consistency:  0.0
total time:  432.5664595260023
Experiment results saved to results/result_BPIC2020_RequestForPayment.csv
event_log:BPIC2020_RequestForPayment, discovery_algorithm:ILP, prediction_algorithm:Transformer, dynamic_update:True, update_strategy:finetune, apply_constraint:True, use_consistency:True, use_only_conflict_data:True, confidence_threshold:0.5, consistency_alpha:0, win_min:300, adwin_threshold:2.576
torch_device: cuda:1
------------Initialization------------
------------Online ActivityPrediction------------
------------Updating Models------------
update activity num:  15  ->  18
------------Updating Models------------
------------Updating Models------------
update activity num:  18  ->  20
------------Updating Models------------
------------Saving Results------------
drift:  4 [6086, 6099, 16346, 16503]
average accuracy:  0.8824343431304714
average fscore:  0.36985950555017333
average consistency:  0.0
total time:  410.03034847100207
Experiment results saved to results/result_BPIC2020_RequestForPayment.csv
event_log:BPIC2020_RequestForPayment, discovery_algorithm:ILP, prediction_algorithm:Transformer, dynamic_update:True, update_strategy:finetune, apply_constraint:True, use_consistency:True, use_only_conflict_data:True, confidence_threshold:0.5, consistency_alpha:0, win_min:300, adwin_threshold:3.09
torch_device: cuda:1
------------Initialization------------
------------Online ActivityPrediction------------
------------Updating Models------------
update activity num:  15  ->  18
------------Updating Models------------
update activity num:  18  ->  19
------------Saving Results------------
drift:  2 [6127, 6300]
average accuracy:  0.882253843145513
average fscore:  0.36930947725267416
average consistency:  0.0
total time:  333.7912106799995
Experiment results saved to results/result_BPIC2020_RequestForPayment.csv
event_log:BPIC2020_RequestForPayment, discovery_algorithm:ILP, prediction_algorithm:Transformer, dynamic_update:True, update_strategy:finetune, apply_constraint:True, use_consistency:True, use_only_conflict_data:True, confidence_threshold:0.5, consistency_alpha:0.25, win_min:300, adwin_threshold:0
torch_device: cuda:1
------------Initialization------------
------------Online ActivityPrediction------------
------------Updating Models------------
------------Updating Models------------
------------Updating Models------------
------------Updating Models------------
------------Updating Models------------
------------Updating Models------------
update activity num:  15  ->  18
------------Updating Models------------
update activity num:  18  ->  19
------------Updating Models------------
update activity num:  19  ->  20
------------Saving Results------------
drift:  8 [4734, 5600, 5668, 5738, 5926, 6100, 7504, 17818]
average accuracy:  0.8873980927168256
average fscore:  0.37251244773771164
average consistency:  0.0
total time:  404.5541638909999
Experiment results saved to results/result_BPIC2020_RequestForPayment.csv
event_log:BPIC2020_RequestForPayment, discovery_algorithm:ILP, prediction_algorithm:Transformer, dynamic_update:True, update_strategy:finetune, apply_constraint:True, use_consistency:True, use_only_conflict_data:True, confidence_threshold:0.5, consistency_alpha:0.25, win_min:300, adwin_threshold:0.674
torch_device: cuda:1
------------Initialization------------
------------Online ActivityPrediction------------
------------Updating Models------------
------------Updating Models------------
------------Updating Models------------
------------Updating Models------------
------------Updating Models------------
------------Updating Models------------
update activity num:  15  ->  18
------------Updating Models------------
update activity num:  18  ->  19
------------Updating Models------------
------------Updating Models------------
------------Updating Models------------
------------Updating Models------------
------------Updating Models------------
------------Updating Models------------
------------Updating Models------------
------------Updating Models------------
------------Updating Models------------
------------Updating Models------------
------------Updating Models------------
------------Updating Models------------
------------Updating Models------------
------------Updating Models------------
------------Updating Models------------
------------Updating Models------------
------------Saving Results------------
drift:  23 [4734, 5602, 5669, 5795, 5952, 6136, 7520, 7666, 7770, 7924, 8129, 8296, 8493, 8671, 8839, 9030, 9186, 9372, 10002, 11880, 11972, 12139, 13132]
average accuracy:  0.8838783430101381
average fscore:  0.378386017515634
average consistency:  0.0
total time:  443.35706603600556
Experiment results saved to results/result_BPIC2020_RequestForPayment.csv
event_log:BPIC2020_RequestForPayment, discovery_algorithm:ILP, prediction_algorithm:Transformer, dynamic_update:True, update_strategy:finetune, apply_constraint:True, use_consistency:True, use_only_conflict_data:True, confidence_threshold:0.5, consistency_alpha:0.25, win_min:300, adwin_threshold:1.282
torch_device: cuda:1
------------Initialization------------
------------Online ActivityPrediction------------
------------Updating Models------------
------------Updating Models------------
------------Updating Models------------
update activity num:  15  ->  16
------------Updating Models------------
update activity num:  16  ->  18
------------Updating Models------------
update activity num:  18  ->  19
------------Updating Models------------
------------Updating Models------------
------------Updating Models------------
------------Updating Models------------
------------Updating Models------------
update activity num:  19  ->  20
------------Updating Models------------
------------Saving Results------------
drift:  11 [4734, 5911, 6062, 6248, 6435, 6634, 6973, 7459, 16188, 16638, 24575]
average accuracy:  0.883336843055263
average fscore:  0.36821184688477765
average consistency:  0.0
total time:  445.27544482400117
Experiment results saved to results/result_BPIC2020_RequestForPayment.csv
event_log:BPIC2020_RequestForPayment, discovery_algorithm:ILP, prediction_algorithm:Transformer, dynamic_update:True, update_strategy:finetune, apply_constraint:True, use_consistency:True, use_only_conflict_data:True, confidence_threshold:0.5, consistency_alpha:0.25, win_min:300, adwin_threshold:1.645
torch_device: cuda:1
------------Initialization------------
------------Online ActivityPrediction------------
------------Updating Models------------
------------Updating Models------------
update activity num:  15  ->  16
------------Updating Models------------
update activity num:  16  ->  18
------------Updating Models------------
------------Updating Models------------
update activity num:  18  ->  19
------------Updating Models------------
------------Updating Models------------
------------Updating Models------------
update activity num:  19  ->  20
------------Updating Models------------
------------Updating Models------------
------------Saving Results------------
drift:  10 [4734, 6059, 6080, 6285, 6823, 7299, 12612, 16744, 17455, 23854]
average accuracy:  0.883637676363527
average fscore:  0.3654434894618991
average consistency:  0.0
total time:  469.3221801719992
Experiment results saved to results/result_BPIC2020_RequestForPayment.csv
event_log:BPIC2020_RequestForPayment, discovery_algorithm:ILP, prediction_algorithm:Transformer, dynamic_update:True, update_strategy:finetune, apply_constraint:True, use_consistency:True, use_only_conflict_data:True, confidence_threshold:0.5, consistency_alpha:0.25, win_min:300, adwin_threshold:2.326
torch_device: cuda:1
------------Initialization------------
------------Online ActivityPrediction------------
------------Updating Models------------
------------Updating Models------------
update activity num:  15  ->  17
------------Updating Models------------
update activity num:  17  ->  18
------------Updating Models------------
update activity num:  18  ->  19
------------Updating Models------------
------------Updating Models------------
------------Updating Models------------
update activity num:  19  ->  20
------------Updating Models------------
------------Saving Results------------
drift:  8 [4766, 6066, 6092, 6292, 6896, 7723, 16210, 16776]
average accuracy:  0.8862248428145965
average fscore:  0.3770554121948195
average consistency:  0.0
total time:  413.7515377870004
Experiment results saved to results/result_BPIC2020_RequestForPayment.csv
event_log:BPIC2020_RequestForPayment, discovery_algorithm:ILP, prediction_algorithm:Transformer, dynamic_update:True, update_strategy:finetune, apply_constraint:True, use_consistency:True, use_only_conflict_data:True, confidence_threshold:0.5, consistency_alpha:0.25, win_min:300, adwin_threshold:2.576
torch_device: cuda:1
------------Initialization------------
------------Online ActivityPrediction------------
------------Updating Models------------
update activity num:  15  ->  16
------------Updating Models------------
update activity num:  16  ->  17
------------Updating Models------------
update activity num:  17  ->  18
------------Updating Models------------
update activity num:  18  ->  20
------------Saving Results------------
drift:  4 [6062, 6072, 6252, 19746]
average accuracy:  0.884871092927409
average fscore:  0.3593139716105866
average consistency:  0.0
total time:  459.66586387700227
Experiment results saved to results/result_BPIC2020_RequestForPayment.csv
event_log:BPIC2020_RequestForPayment, discovery_algorithm:ILP, prediction_algorithm:Transformer, dynamic_update:True, update_strategy:finetune, apply_constraint:True, use_consistency:True, use_only_conflict_data:True, confidence_threshold:0.5, consistency_alpha:0.25, win_min:300, adwin_threshold:3.09
torch_device: cuda:1
------------Initialization------------
------------Online ActivityPrediction------------
------------Updating Models------------
update activity num:  15  ->  17
------------Updating Models------------
update activity num:  17  ->  18
------------Updating Models------------
------------Updating Models------------
update activity num:  18  ->  20
------------Saving Results------------
drift:  4 [6072, 6080, 6258, 20933]
average accuracy:  0.8841490929875756
average fscore:  0.3574165058288875
average consistency:  0.0
total time:  461.14979065999796
Experiment results saved to results/result_BPIC2020_RequestForPayment.csv
event_log:BPIC2020_RequestForPayment, discovery_algorithm:ILP, prediction_algorithm:Transformer, dynamic_update:True, update_strategy:finetune, apply_constraint:True, use_consistency:True, use_only_conflict_data:True, confidence_threshold:0.5, consistency_alpha:0.5, win_min:300, adwin_threshold:0
torch_device: cuda:1
------------Initialization------------
------------Online ActivityPrediction------------
------------Updating Models------------
------------Updating Models------------
------------Updating Models------------
------------Updating Models------------
------------Updating Models------------
------------Updating Models------------
update activity num:  15  ->  18
------------Updating Models------------
update activity num:  18  ->  19
------------Updating Models------------
update activity num:  19  ->  20
------------Saving Results------------
drift:  8 [4734, 5600, 5668, 5738, 5926, 6100, 7504, 17818]
average accuracy:  0.8873980927168256
average fscore:  0.37251244773771164
average consistency:  0.0
total time:  433.82727269500174
Experiment results saved to results/result_BPIC2020_RequestForPayment.csv
event_log:BPIC2020_RequestForPayment, discovery_algorithm:ILP, prediction_algorithm:Transformer, dynamic_update:True, update_strategy:finetune, apply_constraint:True, use_consistency:True, use_only_conflict_data:True, confidence_threshold:0.5, consistency_alpha:0.5, win_min:300, adwin_threshold:0.674
torch_device: cuda:1
------------Initialization------------
------------Online ActivityPrediction------------
------------Updating Models------------
------------Updating Models------------
------------Updating Models------------
------------Updating Models------------
------------Updating Models------------
update activity num:  15  ->  18
------------Updating Models------------
update activity num:  18  ->  20
------------Saving Results------------
drift:  6 [4734, 5685, 5925, 6016, 6221, 20951]
average accuracy:  0.8818928431755964
average fscore:  0.35503058419479394
average consistency:  0.0
total time:  443.9829536059988
Experiment results saved to results/result_BPIC2020_RequestForPayment.csv
event_log:BPIC2020_RequestForPayment, discovery_algorithm:ILP, prediction_algorithm:Transformer, dynamic_update:True, update_strategy:finetune, apply_constraint:True, use_consistency:True, use_only_conflict_data:True, confidence_threshold:0.5, consistency_alpha:0.5, win_min:300, adwin_threshold:1.282
torch_device: cuda:1
------------Initialization------------
------------Online ActivityPrediction------------
------------Updating Models------------
------------Updating Models------------
update activity num:  15  ->  16
------------Updating Models------------
update activity num:  16  ->  18
------------Updating Models------------
update activity num:  18  ->  19
------------Updating Models------------
------------Updating Models------------
------------Updating Models------------
update activity num:  19  ->  20
------------Updating Models------------
------------Saving Results------------
drift:  8 [4734, 6050, 6096, 6547, 7284, 12904, 16654, 17491]
average accuracy:  0.8841791763184019
average fscore:  0.3762092709986281
average consistency:  0.0
total time:  429.5233697290023
Experiment results saved to results/result_BPIC2020_RequestForPayment.csv
event_log:BPIC2020_RequestForPayment, discovery_algorithm:ILP, prediction_algorithm:Transformer, dynamic_update:True, update_strategy:finetune, apply_constraint:True, use_consistency:True, use_only_conflict_data:True, confidence_threshold:0.5, consistency_alpha:0.5, win_min:300, adwin_threshold:1.645
torch_device: cuda:1
------------Initialization------------
------------Online ActivityPrediction------------
------------Updating Models------------
------------Updating Models------------
update activity num:  15  ->  16
------------Updating Models------------
update activity num:  16  ->  18
------------Updating Models------------
update activity num:  18  ->  19
------------Updating Models------------
update activity num:  19  ->  20
------------Updating Models------------
------------Saving Results------------
drift:  6 [4734, 6050, 6105, 6548, 16766, 17554]
average accuracy:  0.8845100929574923
average fscore:  0.37028037651297724
average consistency:  0.0
total time:  433.98523400600243
Experiment results saved to results/result_BPIC2020_RequestForPayment.csv
event_log:BPIC2020_RequestForPayment, discovery_algorithm:ILP, prediction_algorithm:Transformer, dynamic_update:True, update_strategy:finetune, apply_constraint:True, use_consistency:True, use_only_conflict_data:True, confidence_threshold:0.5, consistency_alpha:0.5, win_min:300, adwin_threshold:2.326
torch_device: cuda:1
------------Initialization------------
------------Online ActivityPrediction------------
------------Updating Models------------
update activity num:  15  ->  16
------------Updating Models------------
update activity num:  16  ->  18
------------Updating Models------------
update activity num:  18  ->  19
------------Updating Models------------
------------Updating Models------------
update activity num:  19  ->  20
------------Saving Results------------
drift:  5 [6062, 6246, 6434, 6633, 16776]
average accuracy:  0.8848109262657562
average fscore:  0.36682151548425995
average consistency:  0.0
total time:  415.84856084799685
Experiment results saved to results/result_BPIC2020_RequestForPayment.csv
event_log:BPIC2020_RequestForPayment, discovery_algorithm:ILP, prediction_algorithm:Transformer, dynamic_update:True, update_strategy:finetune, apply_constraint:True, use_consistency:True, use_only_conflict_data:True, confidence_threshold:0.5, consistency_alpha:0.5, win_min:300, adwin_threshold:2.576
torch_device: cuda:1
------------Initialization------------
------------Online ActivityPrediction------------
------------Updating Models------------
update activity num:  15  ->  16
------------Updating Models------------
update activity num:  16  ->  18
------------Updating Models------------
update activity num:  18  ->  19
------------Updating Models------------
------------Updating Models------------
update activity num:  19  ->  20
------------Saving Results------------
drift:  5 [6062, 6246, 6434, 6633, 18409]
average accuracy:  0.8824343431304714
average fscore:  0.36971952585066975
average consistency:  0.0
total time:  381.4563249790008
Experiment results saved to results/result_BPIC2020_RequestForPayment.csv
event_log:BPIC2020_RequestForPayment, discovery_algorithm:ILP, prediction_algorithm:Transformer, dynamic_update:True, update_strategy:finetune, apply_constraint:True, use_consistency:True, use_only_conflict_data:True, confidence_threshold:0.5, consistency_alpha:0.5, win_min:300, adwin_threshold:3.09
torch_device: cuda:1
------------Initialization------------
------------Online ActivityPrediction------------
------------Updating Models------------
update activity num:  15  ->  16
------------Updating Models------------
update activity num:  16  ->  17
------------Updating Models------------
update activity num:  17  ->  18
------------Updating Models------------
update activity num:  18  ->  19
------------Updating Models------------
------------Updating Models------------
update activity num:  19  ->  20
------------Saving Results------------
drift:  6 [6062, 6064, 6246, 6434, 6633, 18409]
average accuracy:  0.8804488432959298
average fscore:  0.36587459630003805
average consistency:  0.0
total time:  427.1666373919943
Experiment results saved to results/result_BPIC2020_RequestForPayment.csv
event_log:BPIC2020_RequestForPayment, discovery_algorithm:ILP, prediction_algorithm:Transformer, dynamic_update:True, update_strategy:finetune, apply_constraint:True, use_consistency:True, use_only_conflict_data:True, confidence_threshold:0.5, consistency_alpha:0.75, win_min:300, adwin_threshold:0
torch_device: cuda:1
------------Initialization------------
------------Online ActivityPrediction------------
------------Updating Models------------
------------Updating Models------------
------------Updating Models------------
------------Updating Models------------
------------Updating Models------------
------------Updating Models------------
update activity num:  15  ->  18
------------Updating Models------------
update activity num:  18  ->  19
------------Updating Models------------
update activity num:  19  ->  20
------------Saving Results------------
drift:  8 [4734, 5600, 5668, 5738, 5926, 6100, 7504, 17818]
average accuracy:  0.8873980927168256
average fscore:  0.37251244773771164
average consistency:  0.0
total time:  429.031805188999
Experiment results saved to results/result_BPIC2020_RequestForPayment.csv
event_log:BPIC2020_RequestForPayment, discovery_algorithm:ILP, prediction_algorithm:Transformer, dynamic_update:True, update_strategy:finetune, apply_constraint:True, use_consistency:True, use_only_conflict_data:True, confidence_threshold:0.5, consistency_alpha:0.75, win_min:300, adwin_threshold:0.674
torch_device: cuda:1
------------Initialization------------
------------Online ActivityPrediction------------
------------Updating Models------------
------------Updating Models------------
update activity num:  15  ->  16
------------Updating Models------------
update activity num:  16  ->  18
------------Updating Models------------
update activity num:  18  ->  19
------------Updating Models------------
------------Updating Models------------
------------Updating Models------------
update activity num:  19  ->  20
------------Updating Models------------
------------Saving Results------------
drift:  8 [4734, 6050, 6100, 6296, 6470, 7247, 16334, 24161]
average accuracy:  0.8867964261002979
average fscore:  0.374878001995144
average consistency:  0.0
total time:  503.4247147799979
Experiment results saved to results/result_BPIC2020_RequestForPayment.csv
event_log:BPIC2020_RequestForPayment, discovery_algorithm:ILP, prediction_algorithm:Transformer, dynamic_update:True, update_strategy:finetune, apply_constraint:True, use_consistency:True, use_only_conflict_data:True, confidence_threshold:0.5, consistency_alpha:0.75, win_min:300, adwin_threshold:1.282
torch_device: cuda:1
------------Initialization------------
------------Online ActivityPrediction------------
------------Updating Models------------
update activity num:  15  ->  16
------------Updating Models------------
update activity num:  16  ->  18
------------Updating Models------------
update activity num:  18  ->  19
------------Updating Models------------
------------Updating Models------------
update activity num:  19  ->  20
------------Saving Results------------
drift:  5 [6062, 6246, 6434, 6633, 18409]
average accuracy:  0.8824343431304714
average fscore:  0.36971952585066975
average consistency:  0.0
total time:  449.39730656999745
Experiment results saved to results/result_BPIC2020_RequestForPayment.csv
event_log:BPIC2020_RequestForPayment, discovery_algorithm:ILP, prediction_algorithm:Transformer, dynamic_update:True, update_strategy:finetune, apply_constraint:True, use_consistency:True, use_only_conflict_data:True, confidence_threshold:0.5, consistency_alpha:0.75, win_min:300, adwin_threshold:1.645
torch_device: cuda:1
------------Initialization------------
------------Online ActivityPrediction------------
------------Updating Models------------
update activity num:  15  ->  16
------------Updating Models------------
update activity num:  16  ->  18
------------Updating Models------------
update activity num:  18  ->  19
------------Updating Models------------
------------Updating Models------------
update activity num:  19  ->  20
------------Saving Results------------
drift:  5 [6062, 6246, 6434, 6633, 18409]
average accuracy:  0.8824343431304714
average fscore:  0.36971952585066975
average consistency:  0.0
total time:  447.4923060639994
Experiment results saved to results/result_BPIC2020_RequestForPayment.csv
event_log:BPIC2020_RequestForPayment, discovery_algorithm:ILP, prediction_algorithm:Transformer, dynamic_update:True, update_strategy:finetune, apply_constraint:True, use_consistency:True, use_only_conflict_data:True, confidence_threshold:0.5, consistency_alpha:0.75, win_min:300, adwin_threshold:2.326
torch_device: cuda:1
------------Initialization------------
------------Online ActivityPrediction------------
------------Updating Models------------
update activity num:  15  ->  16
------------Updating Models------------
update activity num:  16  ->  18
------------Updating Models------------
update activity num:  18  ->  19
------------Updating Models------------
------------Updating Models------------
update activity num:  19  ->  20
------------Saving Results------------
drift:  5 [6062, 6246, 6434, 6633, 18409]
average accuracy:  0.8824343431304714
average fscore:  0.36971952585066975
average consistency:  0.0
total time:  446.8649262170002
Experiment results saved to results/result_BPIC2020_RequestForPayment.csv
event_log:BPIC2020_RequestForPayment, discovery_algorithm:ILP, prediction_algorithm:Transformer, dynamic_update:True, update_strategy:finetune, apply_constraint:True, use_consistency:True, use_only_conflict_data:True, confidence_threshold:0.5, consistency_alpha:0.75, win_min:300, adwin_threshold:2.576
torch_device: cuda:1
------------Initialization------------
------------Online ActivityPrediction------------
------------Updating Models------------
update activity num:  15  ->  16
------------Updating Models------------
update activity num:  16  ->  18
------------Updating Models------------
update activity num:  18  ->  19
------------Updating Models------------
------------Updating Models------------
update activity num:  19  ->  20
------------Saving Results------------
drift:  5 [6062, 6246, 6434, 6633, 18409]
average accuracy:  0.8824343431304714
average fscore:  0.36971952585066975
average consistency:  0.0
total time:  431.414913159002
Experiment results saved to results/result_BPIC2020_RequestForPayment.csv
event_log:BPIC2020_RequestForPayment, discovery_algorithm:ILP, prediction_algorithm:Transformer, dynamic_update:True, update_strategy:finetune, apply_constraint:True, use_consistency:True, use_only_conflict_data:True, confidence_threshold:0.5, consistency_alpha:0.75, win_min:300, adwin_threshold:3.09
torch_device: cuda:1
------------Initialization------------
------------Online ActivityPrediction------------
------------Updating Models------------
update activity num:  15  ->  16
------------Updating Models------------
update activity num:  16  ->  18
------------Updating Models------------
------------Updating Models------------
update activity num:  18  ->  19
------------Saving Results------------
drift:  4 [6062, 6075, 6252, 6437]
average accuracy:  0.8844800096266658
average fscore:  0.32740291292862367
average consistency:  0.0
total time:  376.64615514800244
Experiment results saved to results/result_BPIC2020_RequestForPayment.csv
event_log:BPIC2020_RequestForPayment, discovery_algorithm:ILP, prediction_algorithm:Transformer, dynamic_update:True, update_strategy:finetune, apply_constraint:True, use_consistency:True, use_only_conflict_data:True, confidence_threshold:0.5, consistency_alpha:1.0, win_min:300, adwin_threshold:0
torch_device: cuda:1
------------Initialization------------
------------Online ActivityPrediction------------
------------Updating Models------------
update activity num:  15  ->  16
------------Updating Models------------
update activity num:  16  ->  18
------------Updating Models------------
update activity num:  18  ->  19
------------Updating Models------------
------------Updating Models------------
update activity num:  19  ->  20
------------Saving Results------------
drift:  5 [6062, 6246, 6434, 6633, 18409]
average accuracy:  0.8824343431304714
average fscore:  0.36971952585066975
average consistency:  0.0
total time:  406.662579633994
Experiment results saved to results/result_BPIC2020_RequestForPayment.csv
event_log:BPIC2020_RequestForPayment, discovery_algorithm:ILP, prediction_algorithm:Transformer, dynamic_update:True, update_strategy:finetune, apply_constraint:True, use_consistency:True, use_only_conflict_data:True, confidence_threshold:0.5, consistency_alpha:1.0, win_min:300, adwin_threshold:0.674
torch_device: cuda:1
------------Initialization------------
------------Online ActivityPrediction------------
------------Updating Models------------
update activity num:  15  ->  16
------------Updating Models------------
update activity num:  16  ->  18
------------Updating Models------------
update activity num:  18  ->  19
------------Updating Models------------
------------Updating Models------------
update activity num:  19  ->  20
------------Saving Results------------
drift:  5 [6062, 6246, 6434, 6633, 18409]
average accuracy:  0.8824343431304714
average fscore:  0.36971952585066975
average consistency:  0.0
total time:  462.8407547100069
Experiment results saved to results/result_BPIC2020_RequestForPayment.csv
event_log:BPIC2020_RequestForPayment, discovery_algorithm:ILP, prediction_algorithm:Transformer, dynamic_update:True, update_strategy:finetune, apply_constraint:True, use_consistency:True, use_only_conflict_data:True, confidence_threshold:0.5, consistency_alpha:1.0, win_min:300, adwin_threshold:1.282
torch_device: cuda:1
------------Initialization------------
------------Online ActivityPrediction------------
------------Updating Models------------
update activity num:  15  ->  16
------------Updating Models------------
update activity num:  16  ->  18
------------Updating Models------------
update activity num:  18  ->  19
------------Updating Models------------
------------Updating Models------------
update activity num:  19  ->  20
------------Saving Results------------
drift:  5 [6062, 6246, 6434, 6633, 18409]
average accuracy:  0.8824343431304714
average fscore:  0.36971952585066975
average consistency:  0.0
total time:  463.16905950599903
Experiment results saved to results/result_BPIC2020_RequestForPayment.csv
event_log:BPIC2020_RequestForPayment, discovery_algorithm:ILP, prediction_algorithm:Transformer, dynamic_update:True, update_strategy:finetune, apply_constraint:True, use_consistency:True, use_only_conflict_data:True, confidence_threshold:0.5, consistency_alpha:1.0, win_min:300, adwin_threshold:1.645
torch_device: cuda:1
------------Initialization------------
------------Online ActivityPrediction------------
------------Updating Models------------
update activity num:  15  ->  16
------------Updating Models------------
update activity num:  16  ->  18
------------Updating Models------------
update activity num:  18  ->  19
------------Updating Models------------
------------Updating Models------------
update activity num:  19  ->  20
------------Saving Results------------
drift:  5 [6062, 6246, 6434, 6633, 18409]
average accuracy:  0.8824343431304714
average fscore:  0.36971952585066975
average consistency:  0.0
total time:  451.75995344200055
Experiment results saved to results/result_BPIC2020_RequestForPayment.csv
event_log:BPIC2020_RequestForPayment, discovery_algorithm:ILP, prediction_algorithm:Transformer, dynamic_update:True, update_strategy:finetune, apply_constraint:True, use_consistency:True, use_only_conflict_data:True, confidence_threshold:0.5, consistency_alpha:1.0, win_min:300, adwin_threshold:2.326
torch_device: cuda:1
------------Initialization------------
------------Online ActivityPrediction------------
------------Updating Models------------
update activity num:  15  ->  16
------------Updating Models------------
update activity num:  16  ->  17
------------Updating Models------------
update activity num:  17  ->  18
------------Updating Models------------
update activity num:  18  ->  19
------------Updating Models------------
------------Updating Models------------
update activity num:  19  ->  20
------------Saving Results------------
drift:  6 [6062, 6064, 6246, 6434, 6633, 18409]
average accuracy:  0.8804488432959298
average fscore:  0.36587459630003805
average consistency:  0.0
total time:  435.1785503400024
Experiment results saved to results/result_BPIC2020_RequestForPayment.csv
event_log:BPIC2020_RequestForPayment, discovery_algorithm:ILP, prediction_algorithm:Transformer, dynamic_update:True, update_strategy:finetune, apply_constraint:True, use_consistency:True, use_only_conflict_data:True, confidence_threshold:0.5, consistency_alpha:1.0, win_min:300, adwin_threshold:2.576
torch_device: cuda:1
------------Initialization------------
------------Online ActivityPrediction------------
------------Updating Models------------
update activity num:  15  ->  16
------------Updating Models------------
update activity num:  16  ->  18
------------Updating Models------------
------------Updating Models------------
update activity num:  18  ->  19
------------Saving Results------------
drift:  4 [6062, 6076, 6254, 6438]
average accuracy:  0.8842092596492284
average fscore:  0.3274023120032652
average consistency:  0.0
total time:  360.314862832005
Experiment results saved to results/result_BPIC2020_RequestForPayment.csv
event_log:BPIC2020_RequestForPayment, discovery_algorithm:ILP, prediction_algorithm:Transformer, dynamic_update:True, update_strategy:finetune, apply_constraint:True, use_consistency:True, use_only_conflict_data:True, confidence_threshold:0.5, consistency_alpha:1.0, win_min:300, adwin_threshold:3.09
torch_device: cuda:1
------------Initialization------------
------------Online ActivityPrediction------------
------------Updating Models------------
update activity num:  15  ->  16
------------Updating Models------------
update activity num:  16  ->  18
------------Updating Models------------
------------Updating Models------------
update activity num:  18  ->  19
------------Saving Results------------
drift:  4 [6062, 6110, 6268, 6449]
average accuracy:  0.8845100929574923
average fscore:  0.3270410882973681
average consistency:  0.0
total time:  360.3412021749973
Experiment results saved to results/result_BPIC2020_RequestForPayment.csv
