nohup: 忽略输入
Processing event log: prodrift_re_5k
event_log:prodrift_re_5k, discovery_algorithm:IND, prediction_algorithm:LSTM, dynamic_update:True, update_strategy:finetune, apply_constraint:True, use_consistency:True, use_only_conflict_data:True, confidence_threshold:0.5, consistency_alpha:0, win_min:300, adwin_threshold:0
torch_device: cuda:1
------------Initialization------------
------------Online ActivityPrediction------------
------------Updating Models------------
------------Updating Models------------
------------Updating Models------------
------------Updating Models------------
------------Updating Models------------
------------Updating Models------------
------------Updating Models------------
------------Updating Models------------
------------Updating Models------------
------------Updating Models------------
------------Updating Models------------
------------Updating Models------------
------------Saving Results------------
drift:  12 [11191, 11375, 11533, 22971, 23001, 35228, 46618, 59171, 68655, 82230, 90561, 104210]
average accuracy:  0.7893829830371021
average fscore:  0.7211778395180128
average consistency:  0.0
total time:  1155.8308069020002
Experiment results saved to results/result_prodrift_re_5k.csv
New best accuracy: 0.7893829830371021
event_log:prodrift_re_5k, discovery_algorithm:IND, prediction_algorithm:LSTM, dynamic_update:True, update_strategy:finetune, apply_constraint:True, use_consistency:True, use_only_conflict_data:True, confidence_threshold:0.5, consistency_alpha:0, win_min:300, adwin_threshold:0.674
torch_device: cuda:1
------------Initialization------------
------------Online ActivityPrediction------------
------------Updating Models------------
------------Updating Models------------
------------Updating Models------------
------------Updating Models------------
------------Updating Models------------
------------Saving Results------------
drift:  5 [11191, 11385, 11755, 13157, 23041]
average accuracy:  0.7738280282039152
average fscore:  0.6857189565100675
average consistency:  0.0
total time:  1038.8716544069998
Experiment results saved to results/result_prodrift_re_5k.csv
event_log:prodrift_re_5k, discovery_algorithm:IND, prediction_algorithm:LSTM, dynamic_update:True, update_strategy:finetune, apply_constraint:True, use_consistency:True, use_only_conflict_data:True, confidence_threshold:0.5, consistency_alpha:0, win_min:300, adwin_threshold:1.282
torch_device: cuda:1
------------Initialization------------
------------Online ActivityPrediction------------
------------Updating Models------------
------------Updating Models------------
------------Saving Results------------
drift:  2 [11191, 11412]
average accuracy:  0.779820233831182
average fscore:  0.6969036269648534
average consistency:  0.0
total time:  1060.6294524580003
Experiment results saved to results/result_prodrift_re_5k.csv
event_log:prodrift_re_5k, discovery_algorithm:IND, prediction_algorithm:LSTM, dynamic_update:True, update_strategy:finetune, apply_constraint:True, use_consistency:True, use_only_conflict_data:True, confidence_threshold:0.5, consistency_alpha:0, win_min:300, adwin_threshold:1.645
torch_device: cuda:1
------------Initialization------------
------------Online ActivityPrediction------------
------------Updating Models------------
------------Updating Models------------
------------Updating Models------------
------------Saving Results------------
drift:  3 [11415, 11469, 23289]
average accuracy:  0.7668221035795544
average fscore:  0.6777074158304629
average consistency:  0.0
total time:  1234.7073895810004
Experiment results saved to results/result_prodrift_re_5k.csv
event_log:prodrift_re_5k, discovery_algorithm:IND, prediction_algorithm:LSTM, dynamic_update:True, update_strategy:finetune, apply_constraint:True, use_consistency:True, use_only_conflict_data:True, confidence_threshold:0.5, consistency_alpha:0, win_min:300, adwin_threshold:2.326
torch_device: cuda:1
------------Initialization------------
------------Online ActivityPrediction------------
------------Updating Models------------
------------Updating Models------------
------------Updating Models------------
------------Updating Models------------
------------Updating Models------------
------------Updating Models------------
------------Updating Models------------
------------Updating Models------------
------------Updating Models------------
------------Updating Models------------
------------Saving Results------------
drift:  10 [11443, 11483, 23298, 39450, 48436, 62618, 71237, 86128, 90529, 104495]
average accuracy:  0.773963190736861
average fscore:  0.7067734405960818
average consistency:  0.0
total time:  1451.5312996889998
Experiment results saved to results/result_prodrift_re_5k.csv
event_log:prodrift_re_5k, discovery_algorithm:IND, prediction_algorithm:LSTM, dynamic_update:True, update_strategy:finetune, apply_constraint:True, use_consistency:True, use_only_conflict_data:True, confidence_threshold:0.5, consistency_alpha:0, win_min:300, adwin_threshold:2.576
torch_device: cuda:1
------------Initialization------------
------------Online ActivityPrediction------------
------------Updating Models------------
------------Updating Models------------
------------Updating Models------------
------------Updating Models------------
------------Updating Models------------
------------Updating Models------------
------------Updating Models------------
------------Updating Models------------
------------Updating Models------------
------------Updating Models------------
------------Saving Results------------
drift:  10 [11452, 11488, 23289, 36307, 47129, 62043, 70365, 85369, 89064, 108164]
average accuracy:  0.7816899822035999
average fscore:  0.7144176235217037
average consistency:  0.0
total time:  1430.0176899259995
Experiment results saved to results/result_prodrift_re_5k.csv
event_log:prodrift_re_5k, discovery_algorithm:IND, prediction_algorithm:LSTM, dynamic_update:True, update_strategy:finetune, apply_constraint:True, use_consistency:True, use_only_conflict_data:True, confidence_threshold:0.5, consistency_alpha:0, win_min:300, adwin_threshold:3.09
torch_device: cuda:1
------------Initialization------------
------------Online ActivityPrediction------------
------------Updating Models------------
------------Updating Models------------
------------Updating Models------------
------------Saving Results------------
drift:  3 [11471, 11497, 19079]
average accuracy:  0.7504111193710437
average fscore:  0.6577242008118622
average consistency:  0.0
total time:  1212.2324840640003
Experiment results saved to results/result_prodrift_re_5k.csv
event_log:prodrift_re_5k, discovery_algorithm:IND, prediction_algorithm:LSTM, dynamic_update:True, update_strategy:finetune, apply_constraint:True, use_consistency:True, use_only_conflict_data:True, confidence_threshold:0.5, consistency_alpha:0.25, win_min:300, adwin_threshold:0
torch_device: cuda:1
------------Initialization------------
------------Online ActivityPrediction------------
------------Updating Models------------
------------Updating Models------------
------------Updating Models------------
------------Updating Models------------
------------Updating Models------------
------------Updating Models------------
------------Updating Models------------
------------Updating Models------------
------------Updating Models------------
------------Updating Models------------
------------Updating Models------------
------------Updating Models------------
------------Updating Models------------
------------Updating Models------------
------------Updating Models------------
------------Saving Results------------
drift:  15 [11191, 11356, 11522, 11687, 12014, 13079, 13147, 13566, 13599, 13766, 13940, 14102, 22297, 23137, 33969]
average accuracy:  0.7860264468022797
average fscore:  0.707119573291407
average consistency:  0.0
total time:  1145.0014419010004
Experiment results saved to results/result_prodrift_re_5k.csv
event_log:prodrift_re_5k, discovery_algorithm:IND, prediction_algorithm:LSTM, dynamic_update:True, update_strategy:finetune, apply_constraint:True, use_consistency:True, use_only_conflict_data:True, confidence_threshold:0.5, consistency_alpha:0.25, win_min:300, adwin_threshold:0.674
torch_device: cuda:1
------------Initialization------------
------------Online ActivityPrediction------------
------------Updating Models------------
------------Updating Models------------
------------Updating Models------------
------------Updating Models------------
------------Updating Models------------
------------Updating Models------------
------------Updating Models------------
------------Updating Models------------
------------Updating Models------------
------------Updating Models------------
------------Updating Models------------
------------Updating Models------------
------------Updating Models------------
------------Updating Models------------
------------Updating Models------------
------------Saving Results------------
drift:  15 [11191, 11371, 11537, 15442, 15526, 15532, 15595, 16131, 16137, 16292, 16910, 20992, 21095, 21504, 22053]
average accuracy:  0.7726904102182874
average fscore:  0.703917457847513
average consistency:  0.0
total time:  1192.0887967119997
Experiment results saved to results/result_prodrift_re_5k.csv
event_log:prodrift_re_5k, discovery_algorithm:IND, prediction_algorithm:LSTM, dynamic_update:True, update_strategy:finetune, apply_constraint:True, use_consistency:True, use_only_conflict_data:True, confidence_threshold:0.5, consistency_alpha:0.25, win_min:300, adwin_threshold:1.282
torch_device: cuda:1
------------Initialization------------
------------Online ActivityPrediction------------
------------Updating Models------------
------------Updating Models------------
------------Saving Results------------
drift:  2 [11191, 11384]
average accuracy:  0.774830483656597
average fscore:  0.6783886620899002
average consistency:  0.0
total time:  1210.961891422001
Experiment results saved to results/result_prodrift_re_5k.csv
event_log:prodrift_re_5k, discovery_algorithm:IND, prediction_algorithm:LSTM, dynamic_update:True, update_strategy:finetune, apply_constraint:True, use_consistency:True, use_only_conflict_data:True, confidence_threshold:0.5, consistency_alpha:0.25, win_min:300, adwin_threshold:1.645
torch_device: cuda:1
------------Initialization------------
------------Online ActivityPrediction------------
------------Updating Models------------
------------Updating Models------------
------------Updating Models------------
------------Updating Models------------
------------Updating Models------------
------------Updating Models------------
------------Updating Models------------
------------Updating Models------------
------------Updating Models------------
------------Updating Models------------
------------Saving Results------------
drift:  10 [11380, 11451, 23216, 39790, 47764, 62143, 70154, 81739, 90392, 104401]
average accuracy:  0.7764636975963596
average fscore:  0.7101493265751527
average consistency:  0.0
total time:  1412.4170910009998
Experiment results saved to results/result_prodrift_re_5k.csv
event_log:prodrift_re_5k, discovery_algorithm:IND, prediction_algorithm:LSTM, dynamic_update:True, update_strategy:finetune, apply_constraint:True, use_consistency:True, use_only_conflict_data:True, confidence_threshold:0.5, consistency_alpha:0.25, win_min:300, adwin_threshold:2.326
torch_device: cuda:1
------------Initialization------------
------------Online ActivityPrediction------------
------------Updating Models------------
------------Updating Models------------
------------Updating Models------------
------------Updating Models------------
------------Updating Models------------
------------Updating Models------------
------------Updating Models------------
------------Updating Models------------
------------Updating Models------------
------------Updating Models------------
------------Updating Models------------
------------Updating Models------------
------------Updating Models------------
------------Saving Results------------
drift:  13 [11412, 11467, 22914, 23257, 35715, 46306, 60587, 70010, 82114, 91301, 104813, 104900, 105415]
average accuracy:  0.7847987204613548
average fscore:  0.7157988388527449
average consistency:  0.0
total time:  1384.4997003829994
Experiment results saved to results/result_prodrift_re_5k.csv
event_log:prodrift_re_5k, discovery_algorithm:IND, prediction_algorithm:LSTM, dynamic_update:True, update_strategy:finetune, apply_constraint:True, use_consistency:True, use_only_conflict_data:True, confidence_threshold:0.5, consistency_alpha:0.25, win_min:300, adwin_threshold:2.576
torch_device: cuda:1
------------Initialization------------
------------Online ActivityPrediction------------
------------Updating Models------------
------------Updating Models------------
------------Updating Models------------
------------Saving Results------------
drift:  3 [11415, 11469, 23289]
average accuracy:  0.7668221035795544
average fscore:  0.6777074158304629
average consistency:  0.0
total time:  1209.9601928449993
Experiment results saved to results/result_prodrift_re_5k.csv
event_log:prodrift_re_5k, discovery_algorithm:IND, prediction_algorithm:LSTM, dynamic_update:True, update_strategy:finetune, apply_constraint:True, use_consistency:True, use_only_conflict_data:True, confidence_threshold:0.5, consistency_alpha:0.25, win_min:300, adwin_threshold:3.09
torch_device: cuda:1
------------Initialization------------
------------Online ActivityPrediction------------
------------Updating Models------------
------------Updating Models------------
------------Updating Models------------
------------Saving Results------------
drift:  3 [11436, 11479, 22693]
average accuracy:  0.7620238336599762
average fscore:  0.6629105719236988
average consistency:  0.0
total time:  1177.3066011269984
Experiment results saved to results/result_prodrift_re_5k.csv
event_log:prodrift_re_5k, discovery_algorithm:IND, prediction_algorithm:LSTM, dynamic_update:True, update_strategy:finetune, apply_constraint:True, use_consistency:True, use_only_conflict_data:True, confidence_threshold:0.5, consistency_alpha:0.5, win_min:300, adwin_threshold:0
torch_device: cuda:1
------------Initialization------------
------------Online ActivityPrediction------------
------------Updating Models------------
------------Updating Models------------
------------Updating Models------------
------------Updating Models------------
------------Updating Models------------
------------Updating Models------------
------------Updating Models------------
------------Updating Models------------
------------Updating Models------------
------------Updating Models------------
------------Updating Models------------
------------Updating Models------------
------------Updating Models------------
------------Updating Models------------
------------Updating Models------------
------------Saving Results------------
drift:  15 [11191, 11356, 11522, 11687, 12014, 13079, 13147, 13566, 13599, 13766, 13940, 14102, 22297, 23137, 33969]
average accuracy:  0.7860264468022797
average fscore:  0.707119573291407
average consistency:  0.0
total time:  1147.986448746
Experiment results saved to results/result_prodrift_re_5k.csv
event_log:prodrift_re_5k, discovery_algorithm:IND, prediction_algorithm:LSTM, dynamic_update:True, update_strategy:finetune, apply_constraint:True, use_consistency:True, use_only_conflict_data:True, confidence_threshold:0.5, consistency_alpha:0.5, win_min:300, adwin_threshold:0.674
torch_device: cuda:1
------------Initialization------------
------------Online ActivityPrediction------------
------------Updating Models------------
------------Updating Models------------
------------Updating Models------------
------------Updating Models------------
------------Updating Models------------
------------Updating Models------------
------------Updating Models------------
------------Updating Models------------
------------Updating Models------------
------------Updating Models------------
------------Updating Models------------
------------Updating Models------------
------------Updating Models------------
------------Updating Models------------
------------Updating Models------------
------------Updating Models------------
------------Updating Models------------
------------Updating Models------------
------------Updating Models------------
------------Updating Models------------
------------Updating Models------------
------------Saving Results------------
drift:  21 [11191, 11356, 11547, 11876, 11956, 12119, 12299, 12522, 12653, 13226, 13771, 16965, 22213, 22215, 36153, 46811, 61452, 69114, 81809, 88803, 102465]
average accuracy:  0.7833006690545381
average fscore:  0.7086232667672681
average consistency:  0.0
total time:  1394.298064464001
Experiment results saved to results/result_prodrift_re_5k.csv
event_log:prodrift_re_5k, discovery_algorithm:IND, prediction_algorithm:LSTM, dynamic_update:True, update_strategy:finetune, apply_constraint:True, use_consistency:True, use_only_conflict_data:True, confidence_threshold:0.5, consistency_alpha:0.5, win_min:300, adwin_threshold:1.282
torch_device: cuda:1
------------Initialization------------
------------Online ActivityPrediction------------
------------Updating Models------------
------------Updating Models------------
------------Updating Models------------
------------Updating Models------------
------------Saving Results------------
drift:  4 [11370, 11446, 11612, 22742]
average accuracy:  0.7612466490955374
average fscore:  0.6494403700492457
average consistency:  0.0
total time:  1206.3823248129993
Experiment results saved to results/result_prodrift_re_5k.csv
event_log:prodrift_re_5k, discovery_algorithm:IND, prediction_algorithm:LSTM, dynamic_update:True, update_strategy:finetune, apply_constraint:True, use_consistency:True, use_only_conflict_data:True, confidence_threshold:0.5, consistency_alpha:0.5, win_min:300, adwin_threshold:1.645
torch_device: cuda:1
------------Initialization------------
------------Online ActivityPrediction------------
------------Updating Models------------
------------Updating Models------------
------------Updating Models------------
------------Updating Models------------
------------Saving Results------------
drift:  4 [11372, 11447, 11613, 22783]
average accuracy:  0.7617647721384966
average fscore:  0.6555608646804841
average consistency:  0.0
total time:  1194.624954679999
Experiment results saved to results/result_prodrift_re_5k.csv
event_log:prodrift_re_5k, discovery_algorithm:IND, prediction_algorithm:LSTM, dynamic_update:True, update_strategy:finetune, apply_constraint:True, use_consistency:True, use_only_conflict_data:True, confidence_threshold:0.5, consistency_alpha:0.5, win_min:300, adwin_threshold:2.326
torch_device: cuda:1
------------Initialization------------
------------Online ActivityPrediction------------
------------Updating Models------------
------------Updating Models------------
------------Updating Models------------
------------Updating Models------------
------------Updating Models------------
------------Updating Models------------
------------Updating Models------------
------------Updating Models------------
------------Saving Results------------
drift:  8 [11378, 11450, 14148, 24640, 39393, 48394, 62712, 73216]
average accuracy:  0.7734225406050776
average fscore:  0.7005935447875892
average consistency:  0.0
total time:  1285.7122363519993
Experiment results saved to results/result_prodrift_re_5k.csv
event_log:prodrift_re_5k, discovery_algorithm:IND, prediction_algorithm:LSTM, dynamic_update:True, update_strategy:finetune, apply_constraint:True, use_consistency:True, use_only_conflict_data:True, confidence_threshold:0.5, consistency_alpha:0.5, win_min:300, adwin_threshold:2.576
torch_device: cuda:1
------------Initialization------------
------------Online ActivityPrediction------------
------------Updating Models------------
------------Updating Models------------
------------Updating Models------------
------------Updating Models------------
------------Updating Models------------
------------Updating Models------------
------------Updating Models------------
------------Updating Models------------
------------Updating Models------------
------------Updating Models------------
------------Updating Models------------
------------Updating Models------------
------------Updating Models------------
------------Updating Models------------
------------Updating Models------------
------------Saving Results------------
drift:  15 [11384, 11453, 22612, 23308, 35886, 47432, 61642, 61665, 61799, 61848, 65824, 66314, 79083, 89858, 105842]
average accuracy:  0.7902390124124259
average fscore:  0.7206078921414845
average consistency:  0.0
total time:  1370.7569841410004
Experiment results saved to results/result_prodrift_re_5k.csv
New best accuracy: 0.7902390124124259
event_log:prodrift_re_5k, discovery_algorithm:IND, prediction_algorithm:LSTM, dynamic_update:True, update_strategy:finetune, apply_constraint:True, use_consistency:True, use_only_conflict_data:True, confidence_threshold:0.5, consistency_alpha:0.5, win_min:300, adwin_threshold:3.09
torch_device: cuda:1
------------Initialization------------
------------Online ActivityPrediction------------
------------Updating Models------------
------------Updating Models------------
------------Updating Models------------
------------Updating Models------------
------------Updating Models------------
------------Updating Models------------
------------Saving Results------------
drift:  6 [11404, 11463, 20249, 23563, 37775, 48622]
average accuracy:  0.7807888986506274
average fscore:  0.7017454442409441
average consistency:  0.0
total time:  1270.5167131339986
Experiment results saved to results/result_prodrift_re_5k.csv
event_log:prodrift_re_5k, discovery_algorithm:IND, prediction_algorithm:LSTM, dynamic_update:True, update_strategy:finetune, apply_constraint:True, use_consistency:True, use_only_conflict_data:True, confidence_threshold:0.5, consistency_alpha:0.75, win_min:300, adwin_threshold:0
torch_device: cuda:1
------------Initialization------------
------------Online ActivityPrediction------------
------------Updating Models------------
------------Updating Models------------
------------Updating Models------------
------------Updating Models------------
------------Updating Models------------
------------Updating Models------------
------------Updating Models------------
------------Updating Models------------
------------Updating Models------------
------------Updating Models------------
------------Updating Models------------
------------Updating Models------------
------------Updating Models------------
------------Updating Models------------
------------Updating Models------------
------------Saving Results------------
drift:  15 [11191, 11356, 11522, 11687, 12014, 13079, 13147, 13566, 13599, 13766, 13940, 14102, 22297, 23137, 33969]
average accuracy:  0.7860264468022797
average fscore:  0.707119573291407
average consistency:  0.0
total time:  1496.717239395999
Experiment results saved to results/result_prodrift_re_5k.csv
event_log:prodrift_re_5k, discovery_algorithm:IND, prediction_algorithm:LSTM, dynamic_update:True, update_strategy:finetune, apply_constraint:True, use_consistency:True, use_only_conflict_data:True, confidence_threshold:0.5, consistency_alpha:0.75, win_min:300, adwin_threshold:0.674
torch_device: cuda:1
------------Initialization------------
------------Online ActivityPrediction------------
------------Updating Models------------
------------Updating Models------------
------------Updating Models------------
------------Updating Models------------
------------Saving Results------------
drift:  4 [11370, 11446, 11612, 22783]
average accuracy:  0.7616859273276114
average fscore:  0.6512279424212258
average consistency:  0.0
total time:  1456.3020642329975
Experiment results saved to results/result_prodrift_re_5k.csv
event_log:prodrift_re_5k, discovery_algorithm:IND, prediction_algorithm:LSTM, dynamic_update:True, update_strategy:finetune, apply_constraint:True, use_consistency:True, use_only_conflict_data:True, confidence_threshold:0.5, consistency_alpha:0.75, win_min:300, adwin_threshold:1.282
torch_device: cuda:1
------------Initialization------------
------------Online ActivityPrediction------------
------------Updating Models------------
------------Updating Models------------
------------Updating Models------------
------------Updating Models------------
------------Saving Results------------
drift:  4 [11370, 11446, 11612, 22971]
average accuracy:  0.7660111283818792
average fscore:  0.6628983966249864
average consistency:  0.0
total time:  1421.9219615010006
Experiment results saved to results/result_prodrift_re_5k.csv
event_log:prodrift_re_5k, discovery_algorithm:IND, prediction_algorithm:LSTM, dynamic_update:True, update_strategy:finetune, apply_constraint:True, use_consistency:True, use_only_conflict_data:True, confidence_threshold:0.5, consistency_alpha:0.75, win_min:300, adwin_threshold:1.645
torch_device: cuda:1
------------Initialization------------
------------Online ActivityPrediction------------
------------Updating Models------------
------------Updating Models------------
------------Updating Models------------
------------Updating Models------------
------------Saving Results------------
drift:  4 [11370, 11446, 11612, 22971]
average accuracy:  0.7660111283818792
average fscore:  0.6628983966249864
average consistency:  0.0
total time:  1349.810120907001
Experiment results saved to results/result_prodrift_re_5k.csv
event_log:prodrift_re_5k, discovery_algorithm:IND, prediction_algorithm:LSTM, dynamic_update:True, update_strategy:finetune, apply_constraint:True, use_consistency:True, use_only_conflict_data:True, confidence_threshold:0.5, consistency_alpha:0.75, win_min:300, adwin_threshold:2.326
torch_device: cuda:1
------------Initialization------------
------------Online ActivityPrediction------------
------------Updating Models------------
------------Updating Models------------
------------Updating Models------------
------------Updating Models------------
------------Saving Results------------
drift:  4 [11372, 11447, 11613, 22971]
average accuracy:  0.7617535085940844
average fscore:  0.6514215032444656
average consistency:  0.0
total time:  1371.4794529829996
Experiment results saved to results/result_prodrift_re_5k.csv
event_log:prodrift_re_5k, discovery_algorithm:IND, prediction_algorithm:LSTM, dynamic_update:True, update_strategy:finetune, apply_constraint:True, use_consistency:True, use_only_conflict_data:True, confidence_threshold:0.5, consistency_alpha:0.75, win_min:300, adwin_threshold:2.576
torch_device: cuda:1
------------Initialization------------
------------Online ActivityPrediction------------
------------Updating Models------------
------------Updating Models------------
------------Updating Models------------
------------Updating Models------------
------------Saving Results------------
drift:  4 [11377, 11449, 11615, 22971]
average accuracy:  0.7624067941699895
average fscore:  0.6487401099469622
average consistency:  0.0
total time:  1342.0099104709952
Experiment results saved to results/result_prodrift_re_5k.csv
event_log:prodrift_re_5k, discovery_algorithm:IND, prediction_algorithm:LSTM, dynamic_update:True, update_strategy:finetune, apply_constraint:True, use_consistency:True, use_only_conflict_data:True, confidence_threshold:0.5, consistency_alpha:0.75, win_min:300, adwin_threshold:3.09
torch_device: cuda:1
------------Initialization------------
------------Online ActivityPrediction------------
------------Updating Models------------
------------Updating Models------------
------------Updating Models------------
------------Updating Models------------
------------Saving Results------------
drift:  4 [11402, 11462, 18313, 24059]
average accuracy:  0.7822418958797954
average fscore:  0.691284550546753
average consistency:  0.0
total time:  1380.5009223550005
Experiment results saved to results/result_prodrift_re_5k.csv
event_log:prodrift_re_5k, discovery_algorithm:IND, prediction_algorithm:LSTM, dynamic_update:True, update_strategy:finetune, apply_constraint:True, use_consistency:True, use_only_conflict_data:True, confidence_threshold:0.5, consistency_alpha:1.0, win_min:300, adwin_threshold:0
torch_device: cuda:1
------------Initialization------------
------------Online ActivityPrediction------------
------------Updating Models------------
------------Updating Models------------
------------Updating Models------------
------------Updating Models------------
------------Saving Results------------
drift:  4 [11370, 11446, 11612, 22971]
average accuracy:  0.7660111283818792
average fscore:  0.6628983966249864
average consistency:  0.0
total time:  1386.7983434490015
Experiment results saved to results/result_prodrift_re_5k.csv
event_log:prodrift_re_5k, discovery_algorithm:IND, prediction_algorithm:LSTM, dynamic_update:True, update_strategy:finetune, apply_constraint:True, use_consistency:True, use_only_conflict_data:True, confidence_threshold:0.5, consistency_alpha:1.0, win_min:300, adwin_threshold:0.674
torch_device: cuda:1
------------Initialization------------
------------Online ActivityPrediction------------
------------Updating Models------------
------------Updating Models------------
------------Updating Models------------
------------Updating Models------------
------------Saving Results------------
drift:  4 [11370, 11446, 11612, 22971]
average accuracy:  0.7660111283818792
average fscore:  0.6628983966249864
average consistency:  0.0
total time:  1370.110931408999
Experiment results saved to results/result_prodrift_re_5k.csv
event_log:prodrift_re_5k, discovery_algorithm:IND, prediction_algorithm:LSTM, dynamic_update:True, update_strategy:finetune, apply_constraint:True, use_consistency:True, use_only_conflict_data:True, confidence_threshold:0.5, consistency_alpha:1.0, win_min:300, adwin_threshold:1.282
torch_device: cuda:1
------------Initialization------------
------------Online ActivityPrediction------------
------------Updating Models------------
------------Updating Models------------
------------Updating Models------------
------------Updating Models------------
------------Saving Results------------
drift:  4 [11370, 11446, 11612, 22971]
average accuracy:  0.7660111283818792
average fscore:  0.6628983966249864
average consistency:  0.0
total time:  1384.8317129829957
Experiment results saved to results/result_prodrift_re_5k.csv
event_log:prodrift_re_5k, discovery_algorithm:IND, prediction_algorithm:LSTM, dynamic_update:True, update_strategy:finetune, apply_constraint:True, use_consistency:True, use_only_conflict_data:True, confidence_threshold:0.5, consistency_alpha:1.0, win_min:300, adwin_threshold:1.645
torch_device: cuda:1
------------Initialization------------
------------Online ActivityPrediction------------
------------Updating Models------------
------------Updating Models------------
------------Updating Models------------
------------Updating Models------------
------------Saving Results------------
drift:  4 [11370, 11446, 11612, 22971]
average accuracy:  0.7660111283818792
average fscore:  0.6628983966249864
average consistency:  0.0
total time:  1329.3232109490054
Experiment results saved to results/result_prodrift_re_5k.csv
event_log:prodrift_re_5k, discovery_algorithm:IND, prediction_algorithm:LSTM, dynamic_update:True, update_strategy:finetune, apply_constraint:True, use_consistency:True, use_only_conflict_data:True, confidence_threshold:0.5, consistency_alpha:1.0, win_min:300, adwin_threshold:2.326
torch_device: cuda:1
------------Initialization------------
------------Online ActivityPrediction------------
------------Updating Models------------
------------Updating Models------------
------------Updating Models------------
------------Updating Models------------
------------Saving Results------------
drift:  4 [11372, 11447, 11613, 22971]
average accuracy:  0.7617535085940844
average fscore:  0.6514215032444656
average consistency:  0.0
total time:  1307.3030720749957
Experiment results saved to results/result_prodrift_re_5k.csv
event_log:prodrift_re_5k, discovery_algorithm:IND, prediction_algorithm:LSTM, dynamic_update:True, update_strategy:finetune, apply_constraint:True, use_consistency:True, use_only_conflict_data:True, confidence_threshold:0.5, consistency_alpha:1.0, win_min:300, adwin_threshold:2.576
torch_device: cuda:1
------------Initialization------------
------------Online ActivityPrediction------------
------------Updating Models------------
------------Updating Models------------
------------Updating Models------------
------------Updating Models------------/home/inspur/anaconda3/envs/coap/lib/python3.12/site-packages/torch/nn/modules/transformer.py:508: UserWarning: The PyTorch API of nested tensors is in prototype stage and will change in the near future. We recommend specifying layout=torch.jagged when constructing a nested tensor, as this layout receives active development, has better operator coverage, and works with torch.compile. (Triggered internally at /pytorch/aten/src/ATen/NestedTensorImpl.cpp:178.)
  output = torch._nested_tensor_from_mask(

------------Saving Results------------
drift:  4 [11384, 11453, 11659, 22975]
average accuracy:  0.7623392129035165
average fscore:  0.6551380620201058
average consistency:  0.0
total time:  1283.6986121890004
Experiment results saved to results/result_prodrift_re_5k.csv
event_log:prodrift_re_5k, discovery_algorithm:IND, prediction_algorithm:LSTM, dynamic_update:True, update_strategy:finetune, apply_constraint:True, use_consistency:True, use_only_conflict_data:True, confidence_threshold:0.5, consistency_alpha:1.0, win_min:300, adwin_threshold:3.09
torch_device: cuda:1
------------Initialization------------
------------Online ActivityPrediction------------
------------Updating Models------------
------------Updating Models------------
------------Updating Models------------
------------Updating Models------------
------------Saving Results------------
drift:  4 [11412, 11467, 18314, 24062]
average accuracy:  0.7830303439886463
average fscore:  0.6956195755401694
average consistency:  0.0
total time:  1302.2654609919991
Experiment results saved to results/result_prodrift_re_5k.csv
event_log:prodrift_re_5k, discovery_algorithm:IND, prediction_algorithm:Transformer, dynamic_update:True, update_strategy:finetune, apply_constraint:True, use_consistency:True, use_only_conflict_data:True, confidence_threshold:0.5, consistency_alpha:0, win_min:300, adwin_threshold:0
torch_device: cuda:1
------------Initialization------------
------------Online ActivityPrediction------------
------------Updating Models------------
------------Updating Models------------
------------Updating Models------------
------------Updating Models------------
------------Updating Models------------
------------Updating Models------------
------------Updating Models------------
------------Updating Models------------
------------Updating Models------------
------------Updating Models------------
------------Updating Models------------
------------Updating Models------------
------------Updating Models------------
------------Updating Models------------
------------Updating Models------------
------------Updating Models------------
------------Updating Models------------
------------Updating Models------------
------------Saving Results------------
drift:  18 [11191, 11548, 11619, 23534, 24275, 35821, 45715, 45954, 56997, 57103, 67322, 67481, 78128, 78323, 87638, 87669, 87699, 100514]
average accuracy:  0.7908922979883309
average fscore:  0.7215796910258895
average consistency:  0.0
total time:  2265.125750322004
Experiment results saved to results/result_prodrift_re_5k.csv
New best accuracy: 0.7908922979883309
event_log:prodrift_re_5k, discovery_algorithm:IND, prediction_algorithm:Transformer, dynamic_update:True, update_strategy:finetune, apply_constraint:True, use_consistency:True, use_only_conflict_data:True, confidence_threshold:0.5, consistency_alpha:0, win_min:300, adwin_threshold:0.674
torch_device: cuda:1
------------Initialization------------
------------Online ActivityPrediction------------
------------Updating Models------------
------------Updating Models------------
------------Updating Models------------
------------Updating Models------------
------------Updating Models------------
------------Updating Models------------
------------Updating Models------------
------------Updating Models------------
------------Updating Models------------
------------Updating Models------------
------------Updating Models------------
------------Updating Models------------
------------Saving Results------------
drift:  12 [11191, 11577, 13305, 23154, 26225, 37907, 45717, 58716, 59022, 66478, 67098, 78872]
average accuracy:  0.7849113559054763
average fscore:  0.7003860866331983
average consistency:  0.0
total time:  2149.8680968129993
Experiment results saved to results/result_prodrift_re_5k.csv
event_log:prodrift_re_5k, discovery_algorithm:IND, prediction_algorithm:Transformer, dynamic_update:True, update_strategy:finetune, apply_constraint:True, use_consistency:True, use_only_conflict_data:True, confidence_threshold:0.5, consistency_alpha:0, win_min:300, adwin_threshold:1.282
torch_device: cuda:1
------------Initialization------------
------------Online ActivityPrediction------------
------------Updating Models------------
------------Updating Models------------
------------Updating Models------------
------------Saving Results------------
drift:  3 [11191, 11876, 22572]
average accuracy:  0.7629023901241243
average fscore:  0.6487396719909677
average consistency:  0.0
total time:  1922.9293287420005
Experiment results saved to results/result_prodrift_re_5k.csv
event_log:prodrift_re_5k, discovery_algorithm:IND, prediction_algorithm:Transformer, dynamic_update:True, update_strategy:finetune, apply_constraint:True, use_consistency:True, use_only_conflict_data:True, confidence_threshold:0.5, consistency_alpha:0, win_min:300, adwin_threshold:1.645
torch_device: cuda:1
------------Initialization------------
------------Online ActivityPrediction------------
------------Updating Models------------
------------Saving Results------------
drift:  1 [11191]
average accuracy:  0.7813070216935866
average fscore:  0.6566899355833995
average consistency:  0.0
total time:  1852.241789769003
Experiment results saved to results/result_prodrift_re_5k.csv
event_log:prodrift_re_5k, discovery_algorithm:IND, prediction_algorithm:Transformer, dynamic_update:True, update_strategy:finetune, apply_constraint:True, use_consistency:True, use_only_conflict_data:True, confidence_threshold:0.5, consistency_alpha:0, win_min:300, adwin_threshold:2.326
torch_device: cuda:1
------------Initialization------------
------------Online ActivityPrediction------------
------------Saving Results------------
drift:  0 []
average accuracy:  0.7812619675159379
average fscore:  0.6821469679162327
average consistency:  0.0
total time:  1983.4116440800062
Experiment results saved to results/result_prodrift_re_5k.csv
event_log:prodrift_re_5k, discovery_algorithm:IND, prediction_algorithm:Transformer, dynamic_update:True, update_strategy:finetune, apply_constraint:True, use_consistency:True, use_only_conflict_data:True, confidence_threshold:0.5, consistency_alpha:0, win_min:300, adwin_threshold:2.576
torch_device: cuda:1
------------Initialization------------
------------Online ActivityPrediction------------
------------Saving Results------------
drift:  0 []
average accuracy:  0.7812619675159379
average fscore:  0.6821469679162327
average consistency:  0.0
total time:  1941.967747716997
Experiment results saved to results/result_prodrift_re_5k.csv
event_log:prodrift_re_5k, discovery_algorithm:IND, prediction_algorithm:Transformer, dynamic_update:True, update_strategy:finetune, apply_constraint:True, use_consistency:True, use_only_conflict_data:True, confidence_threshold:0.5, consistency_alpha:0, win_min:300, adwin_threshold:3.09
torch_device: cuda:1
------------Initialization------------
------------Online ActivityPrediction------------
------------Saving Results------------
drift:  0 []
average accuracy:  0.7812619675159379
average fscore:  0.6821469679162327
average consistency:  0.0
total time:  1853.1430437870004
Experiment results saved to results/result_prodrift_re_5k.csv
event_log:prodrift_re_5k, discovery_algorithm:IND, prediction_algorithm:Transformer, dynamic_update:True, update_strategy:finetune, apply_constraint:True, use_consistency:True, use_only_conflict_data:True, confidence_threshold:0.5, consistency_alpha:0.25, win_min:300, adwin_threshold:0
torch_device: cuda:1
------------Initialization------------
------------Online ActivityPrediction------------
------------Updating Models------------
------------Updating Models------------
------------Updating Models------------
------------Updating Models------------
------------Updating Models------------
------------Updating Models------------
------------Updating Models------------
------------Updating Models------------
------------Updating Models------------
------------Updating Models------------
------------Updating Models------------
------------Updating Models------------
------------Updating Models------------
------------Updating Models------------
------------Updating Models------------
------------Updating Models------------
------------Updating Models------------
------------Saving Results------------
drift:  17 [11191, 11356, 11522, 11687, 11854, 12890, 13776, 13875, 13972, 14383, 14427, 14594, 14890, 14991, 22242, 22815, 33900]
average accuracy:  0.7868712126331914
average fscore:  0.6949052304690323
average consistency:  0.0
total time:  1917.7660472209973
Experiment results saved to results/result_prodrift_re_5k.csv
event_log:prodrift_re_5k, discovery_algorithm:IND, prediction_algorithm:Transformer, dynamic_update:True, update_strategy:finetune, apply_constraint:True, use_consistency:True, use_only_conflict_data:True, confidence_threshold:0.5, consistency_alpha:0.25, win_min:300, adwin_threshold:0.674
torch_device: cuda:1
------------Initialization------------
------------Online ActivityPrediction------------
------------Updating Models------------
------------Updating Models------------
------------Updating Models------------
------------Updating Models------------
------------Updating Models------------
------------Saving Results------------
drift:  5 [11191, 11371, 11530, 12743, 22669]
average accuracy:  0.7645243405194747
average fscore:  0.6386025243044221
average consistency:  0.0
total time:  1916.2030524799993
Experiment results saved to results/result_prodrift_re_5k.csv
event_log:prodrift_re_5k, discovery_algorithm:IND, prediction_algorithm:Transformer, dynamic_update:True, update_strategy:finetune, apply_constraint:True, use_consistency:True, use_only_conflict_data:True, confidence_threshold:0.5, consistency_alpha:0.25, win_min:300, adwin_threshold:1.282
torch_device: cuda:1
------------Initialization------------
------------Online ActivityPrediction------------
------------Updating Models------------
------------Updating Models------------
------------Updating Models------------
------------Updating Models------------
------------Saving Results------------
drift:  4 [11191, 11469, 18432, 22399]
average accuracy:  0.7635444121556171
average fscore:  0.6470333089050876
average consistency:  0.0
total time:  1816.7987468700012
Experiment results saved to results/result_prodrift_re_5k.csv
event_log:prodrift_re_5k, discovery_algorithm:IND, prediction_algorithm:Transformer, dynamic_update:True, update_strategy:finetune, apply_constraint:True, use_consistency:True, use_only_conflict_data:True, confidence_threshold:0.5, consistency_alpha:0.25, win_min:300, adwin_threshold:1.645
torch_device: cuda:1
------------Initialization------------
------------Online ActivityPrediction------------
------------Updating Models------------
------------Updating Models------------
------------Updating Models------------
------------Updating Models------------
------------Updating Models------------
------------Saving Results------------
drift:  5 [11191, 11548, 22292, 22802, 34067]
average accuracy:  0.7861052916131648
average fscore:  0.6883653022312975
average consistency:  0.0
total time:  1829.3684688720023
Experiment results saved to results/result_prodrift_re_5k.csv
event_log:prodrift_re_5k, discovery_algorithm:IND, prediction_algorithm:Transformer, dynamic_update:True, update_strategy:finetune, apply_constraint:True, use_consistency:True, use_only_conflict_data:True, confidence_threshold:0.5, consistency_alpha:0.25, win_min:300, adwin_threshold:2.326
torch_device: cuda:1
------------Initialization------------
------------Online ActivityPrediction------------
------------Updating Models------------
------------Updating Models------------
------------Updating Models------------
------------Updating Models------------
------------Updating Models------------
------------Saving Results------------
drift:  5 [11460, 11491, 22654, 23393, 35682]
average accuracy:  0.7864882521231781
average fscore:  0.6873577887812236
average consistency:  0.0
total time:  1844.1373949179979
Experiment results saved to results/result_prodrift_re_5k.csv
event_log:prodrift_re_5k, discovery_algorithm:IND, prediction_algorithm:Transformer, dynamic_update:True, update_strategy:finetune, apply_constraint:True, use_consistency:True, use_only_conflict_data:True, confidence_threshold:0.5, consistency_alpha:0.25, win_min:300, adwin_threshold:2.576
torch_device: cuda:1
------------Initialization------------
------------Online ActivityPrediction------------
------------Updating Models------------
------------Saving Results------------
drift:  1 [11576]
average accuracy:  0.7805636277623843
average fscore:  0.6931710534583462
average consistency:  0.0
total time:  1754.8176561099972
Experiment results saved to results/result_prodrift_re_5k.csv
event_log:prodrift_re_5k, discovery_algorithm:IND, prediction_algorithm:Transformer, dynamic_update:True, update_strategy:finetune, apply_constraint:True, use_consistency:True, use_only_conflict_data:True, confidence_threshold:0.5, consistency_alpha:0.25, win_min:300, adwin_threshold:3.09
torch_device: cuda:1
------------Initialization------------
------------Online ActivityPrediction------------
------------Updating Models------------
------------Saving Results------------
drift:  1 [11625]
average accuracy:  0.7794823274988173
average fscore:  0.6844967024293068
average consistency:  0.0
total time:  1810.1746064010076
Experiment results saved to results/result_prodrift_re_5k.csv
event_log:prodrift_re_5k, discovery_algorithm:IND, prediction_algorithm:Transformer, dynamic_update:True, update_strategy:finetune, apply_constraint:True, use_consistency:True, use_only_conflict_data:True, confidence_threshold:0.5, consistency_alpha:0.5, win_min:300, adwin_threshold:0
torch_device: cuda:1
------------Initialization------------
------------Online ActivityPrediction------------
------------Updating Models------------
------------Updating Models------------
------------Updating Models------------
------------Updating Models------------
------------Updating Models------------
------------Updating Models------------
------------Updating Models------------
------------Updating Models------------
------------Updating Models------------
------------Updating Models------------
------------Updating Models------------
------------Updating Models------------
------------Updating Models------------
------------Updating Models------------
------------Updating Models------------
------------Updating Models------------
------------Updating Models------------
------------Saving Results------------
drift:  17 [11191, 11356, 11522, 11687, 11854, 12890, 13776, 13875, 13972, 14383, 14427, 14594, 14890, 14991, 22242, 22815, 33900]
average accuracy:  0.7868712126331914
average fscore:  0.6949052304690323
average consistency:  0.0
total time:  1796.8057203609933
Experiment results saved to results/result_prodrift_re_5k.csv
event_log:prodrift_re_5k, discovery_algorithm:IND, prediction_algorithm:Transformer, dynamic_update:True, update_strategy:finetune, apply_constraint:True, use_consistency:True, use_only_conflict_data:True, confidence_threshold:0.5, consistency_alpha:0.5, win_min:300, adwin_threshold:0.674
torch_device: cuda:1
------------Initialization------------
------------Online ActivityPrediction------------
------------Updating Models------------
------------Updating Models------------
------------Updating Models------------
------------Updating Models------------
------------Updating Models------------
------------Updating Models------------
------------Updating Models------------
------------Updating Models------------
------------Updating Models------------
------------Saving Results------------
drift:  9 [11191, 11356, 11522, 11687, 11858, 12024, 22509, 22510, 34907]
average accuracy:  0.7875132346646843
average fscore:  0.6851602923624504
average consistency:  0.0
total time:  1847.6597039850021
Experiment results saved to results/result_prodrift_re_5k.csv
event_log:prodrift_re_5k, discovery_algorithm:IND, prediction_algorithm:Transformer, dynamic_update:True, update_strategy:finetune, apply_constraint:True, use_consistency:True, use_only_conflict_data:True, confidence_threshold:0.5, consistency_alpha:0.5, win_min:300, adwin_threshold:1.282
torch_device: cuda:1
------------Initialization------------
------------Online ActivityPrediction------------
------------Updating Models------------
------------Updating Models------------
------------Updating Models------------
------------Updating Models------------
------------Saving Results------------
drift:  4 [11191, 11370, 12465, 22675]
average accuracy:  0.7635444121556171
average fscore:  0.6428874828640719
average consistency:  0.0
total time:  1813.1534071729984
Experiment results saved to results/result_prodrift_re_5k.csv
event_log:prodrift_re_5k, discovery_algorithm:IND, prediction_algorithm:Transformer, dynamic_update:True, update_strategy:finetune, apply_constraint:True, use_consistency:True, use_only_conflict_data:True, confidence_threshold:0.5, consistency_alpha:0.5, win_min:300, adwin_threshold:1.645
torch_device: cuda:1
------------Initialization------------
------------Online ActivityPrediction------------
------------Updating Models------------
------------Updating Models------------
------------Updating Models------------
------------Updating Models------------
------------Saving Results------------
drift:  4 [11370, 11446, 11612, 22971]
average accuracy:  0.7635444121556171
average fscore:  0.6355970409197507
average consistency:  0.0
total time:  1894.4679021370102
Experiment results saved to results/result_prodrift_re_5k.csv
event_log:prodrift_re_5k, discovery_algorithm:IND, prediction_algorithm:Transformer, dynamic_update:True, update_strategy:finetune, apply_constraint:True, use_consistency:True, use_only_conflict_data:True, confidence_threshold:0.5, consistency_alpha:0.5, win_min:300, adwin_threshold:2.326
torch_device: cuda:1
------------Initialization------------
------------Online ActivityPrediction------------
------------Updating Models------------
------------Updating Models------------
------------Updating Models------------
------------Updating Models------------
------------Saving Results------------
drift:  4 [11380, 11543, 15947, 23173]
average accuracy:  0.7644905498862382
average fscore:  0.6439622091977701
average consistency:  0.0
total time:  1858.4785677019972
Experiment results saved to results/result_prodrift_re_5k.csv
event_log:prodrift_re_5k, discovery_algorithm:IND, prediction_algorithm:Transformer, dynamic_update:True, update_strategy:finetune, apply_constraint:True, use_consistency:True, use_only_conflict_data:True, confidence_threshold:0.5, consistency_alpha:0.5, win_min:300, adwin_threshold:2.576
torch_device: cuda:1
------------Initialization------------
------------Online ActivityPrediction------------
------------Updating Models------------
------------Updating Models------------
------------Updating Models------------
------------Updating Models------------
------------Updating Models------------
------------Updating Models------------
------------Updating Models------------
------------Updating Models------------
------------Saving Results------------
drift:  8 [11384, 11544, 18304, 23216, 37907, 48449, 62434, 74106]
average accuracy:  0.7763172715190017
average fscore:  0.7068937991553824
average consistency:  0.0
total time:  2069.399713065999
Experiment results saved to results/result_prodrift_re_5k.csv
event_log:prodrift_re_5k, discovery_algorithm:IND, prediction_algorithm:Transformer, dynamic_update:True, update_strategy:finetune, apply_constraint:True, use_consistency:True, use_only_conflict_data:True, confidence_threshold:0.5, consistency_alpha:0.5, win_min:300, adwin_threshold:3.09
torch_device: cuda:1
------------Initialization------------
------------Online ActivityPrediction------------
------------Updating Models------------
------------Updating Models------------
------------Updating Models------------
------------Updating Models------------
------------Updating Models------------
------------Saving Results------------
drift:  5 [11425, 11473, 22060, 24663, 34729]
average accuracy:  0.7853281070487261
average fscore:  0.6879172652566601
average consistency:  0.0
total time:  1896.9207894449937
Experiment results saved to results/result_prodrift_re_5k.csv
event_log:prodrift_re_5k, discovery_algorithm:IND, prediction_algorithm:Transformer, dynamic_update:True, update_strategy:finetune, apply_constraint:True, use_consistency:True, use_only_conflict_data:True, confidence_threshold:0.5, consistency_alpha:0.75, win_min:300, adwin_threshold:0
torch_device: cuda:1
------------Initialization------------
------------Online ActivityPrediction------------
------------Updating Models------------
------------Updating Models------------
------------Updating Models------------
------------Updating Models------------
------------Updating Models------------
------------Updating Models------------
------------Updating Models------------
------------Updating Models------------
------------Updating Models------------
------------Updating Models------------
------------Updating Models------------
------------Updating Models------------
------------Updating Models------------
------------Updating Models------------
------------Updating Models------------
------------Updating Models------------
------------Updating Models------------
------------Saving Results------------
drift:  17 [11191, 11356, 11522, 11687, 11854, 12890, 13776, 13875, 13972, 14383, 14427, 14594, 14890, 14991, 22242, 22815, 33900]
average accuracy:  0.7868712126331914
average fscore:  0.6949052304690323
average consistency:  0.0
total time:  1884.5041063590033
Experiment results saved to results/result_prodrift_re_5k.csv
event_log:prodrift_re_5k, discovery_algorithm:IND, prediction_algorithm:Transformer, dynamic_update:True, update_strategy:finetune, apply_constraint:True, use_consistency:True, use_only_conflict_data:True, confidence_threshold:0.5, consistency_alpha:0.75, win_min:300, adwin_threshold:0.674
torch_device: cuda:1
------------Initialization------------
------------Online ActivityPrediction------------
------------Updating Models------------
------------Updating Models------------
------------Updating Models------------
------------Updating Models------------
------------Saving Results------------
drift:  4 [11192, 11357, 12466, 22675]
average accuracy:  0.7634880944335564
average fscore:  0.6406570264848287
average consistency:  0.0
total time:  1868.1042585850082
Experiment results saved to results/result_prodrift_re_5k.csv
event_log:prodrift_re_5k, discovery_algorithm:IND, prediction_algorithm:Transformer, dynamic_update:True, update_strategy:finetune, apply_constraint:True, use_consistency:True, use_only_conflict_data:True, confidence_threshold:0.5, consistency_alpha:0.75, win_min:300, adwin_threshold:1.282
torch_device: cuda:1
------------Initialization------------
------------Online ActivityPrediction------------
------------Updating Models------------
------------Updating Models------------
------------Updating Models------------
------------Updating Models------------
------------Saving Results------------
drift:  4 [11370, 11446, 11612, 22971]
average accuracy:  0.7635444121556171
average fscore:  0.6355970409197507
average consistency:  0.0
total time:  1879.339855232989
Experiment results saved to results/result_prodrift_re_5k.csv
event_log:prodrift_re_5k, discovery_algorithm:IND, prediction_algorithm:Transformer, dynamic_update:True, update_strategy:finetune, apply_constraint:True, use_consistency:True, use_only_conflict_data:True, confidence_threshold:0.5, consistency_alpha:0.75, win_min:300, adwin_threshold:1.645
torch_device: cuda:1
------------Initialization------------
------------Online ActivityPrediction------------
------------Updating Models------------
------------Updating Models------------
------------Updating Models------------
------------Updating Models------------
------------Saving Results------------
drift:  4 [11370, 11446, 11612, 22971]
average accuracy:  0.7635444121556171
average fscore:  0.6355970409197507
average consistency:  0.0
total time:  1793.3087818380009
Experiment results saved to results/result_prodrift_re_5k.csv
event_log:prodrift_re_5k, discovery_algorithm:IND, prediction_algorithm:Transformer, dynamic_update:True, update_strategy:finetune, apply_constraint:True, use_consistency:True, use_only_conflict_data:True, confidence_threshold:0.5, consistency_alpha:0.75, win_min:300, adwin_threshold:2.326
torch_device: cuda:1
------------Initialization------------
------------Online ActivityPrediction------------
------------Updating Models------------
------------Updating Models------------
------------Updating Models------------
------------Updating Models------------
------------Saving Results------------
drift:  4 [11372, 11447, 11613, 22971]
average accuracy:  0.7635444121556171
average fscore:  0.6355970409197507
average consistency:  0.0
total time:  1857.548362534988
Experiment results saved to results/result_prodrift_re_5k.csv
event_log:prodrift_re_5k, discovery_algorithm:IND, prediction_algorithm:Transformer, dynamic_update:True, update_strategy:finetune, apply_constraint:True, use_consistency:True, use_only_conflict_data:True, confidence_threshold:0.5, consistency_alpha:0.75, win_min:300, adwin_threshold:2.576
torch_device: cuda:1
------------Initialization------------
------------Online ActivityPrediction------------
------------Updating Models------------
------------Updating Models------------
------------Updating Models------------
------------Updating Models------------
------------Saving Results------------
drift:  4 [11378, 11545, 15925, 23097]
average accuracy:  0.7642202248203465
average fscore:  0.641043569084989
average consistency:  0.0
total time:  1862.9367808550014
Experiment results saved to results/result_prodrift_re_5k.csv
event_log:prodrift_re_5k, discovery_algorithm:IND, prediction_algorithm:Transformer, dynamic_update:True, update_strategy:finetune, apply_constraint:True, use_consistency:True, use_only_conflict_data:True, confidence_threshold:0.5, consistency_alpha:0.75, win_min:300, adwin_threshold:3.09
torch_device: cuda:1
------------Initialization------------
------------Online ActivityPrediction------------
------------Updating Models------------
------------Updating Models------------
------------Updating Models------------
------------Updating Models------------
------------Saving Results------------
drift:  4 [11402, 11468, 18313, 24059]
average accuracy:  0.781633664481539
average fscore:  0.684205127925331
average consistency:  0.0
total time:  1884.928153224988
Experiment results saved to results/result_prodrift_re_5k.csv
event_log:prodrift_re_5k, discovery_algorithm:IND, prediction_algorithm:Transformer, dynamic_update:True, update_strategy:finetune, apply_constraint:True, use_consistency:True, use_only_conflict_data:True, confidence_threshold:0.5, consistency_alpha:1.0, win_min:300, adwin_threshold:0
torch_device: cuda:1
------------Initialization------------
------------Online ActivityPrediction------------
------------Updating Models------------
------------Updating Models------------
------------Updating Models------------
------------Updating Models------------
------------Saving Results------------
drift:  4 [11370, 11446, 11612, 22971]
average accuracy:  0.7635444121556171
average fscore:  0.6355970409197507
average consistency:  0.0
total time:  1844.2815450799972
Experiment results saved to results/result_prodrift_re_5k.csv
event_log:prodrift_re_5k, discovery_algorithm:IND, prediction_algorithm:Transformer, dynamic_update:True, update_strategy:finetune, apply_constraint:True, use_consistency:True, use_only_conflict_data:True, confidence_threshold:0.5, consistency_alpha:1.0, win_min:300, adwin_threshold:0.674
torch_device: cuda:1
------------Initialization------------
------------Online ActivityPrediction------------
------------Updating Models------------
------------Updating Models------------
------------Updating Models------------
------------Updating Models------------
------------Saving Results------------
drift:  4 [11370, 11446, 11612, 22971]
average accuracy:  0.7635444121556171
average fscore:  0.6355970409197507
average consistency:  0.0
total time:  1737.0170068870066
Experiment results saved to results/result_prodrift_re_5k.csv
event_log:prodrift_re_5k, discovery_algorithm:IND, prediction_algorithm:Transformer, dynamic_update:True, update_strategy:finetune, apply_constraint:True, use_consistency:True, use_only_conflict_data:True, confidence_threshold:0.5, consistency_alpha:1.0, win_min:300, adwin_threshold:1.282
torch_device: cuda:1
------------Initialization------------
------------Online ActivityPrediction------------
------------Updating Models------------
------------Updating Models------------
------------Updating Models------------
------------Updating Models------------
------------Saving Results------------
drift:  4 [11370, 11446, 11612, 22971]
average accuracy:  0.7635444121556171
average fscore:  0.6355970409197507
average consistency:  0.0
total time:  1687.5111950090068
Experiment results saved to results/result_prodrift_re_5k.csv
event_log:prodrift_re_5k, discovery_algorithm:IND, prediction_algorithm:Transformer, dynamic_update:True, update_strategy:finetune, apply_constraint:True, use_consistency:True, use_only_conflict_data:True, confidence_threshold:0.5, consistency_alpha:1.0, win_min:300, adwin_threshold:1.645
torch_device: cuda:1
------------Initialization------------
------------Online ActivityPrediction------------
------------Updating Models------------
------------Updating Models------------
------------Updating Models------------
------------Updating Models------------
------------Saving Results------------
drift:  4 [11370, 11446, 11612, 22971]
average accuracy:  0.7635444121556171
average fscore:  0.6355970409197507
average consistency:  0.0
total time:  1548.444121463006
Experiment results saved to results/result_prodrift_re_5k.csv
event_log:prodrift_re_5k, discovery_algorithm:IND, prediction_algorithm:Transformer, dynamic_update:True, update_strategy:finetune, apply_constraint:True, use_consistency:True, use_only_conflict_data:True, confidence_threshold:0.5, consistency_alpha:1.0, win_min:300, adwin_threshold:2.326
torch_device: cuda:1
------------Initialization------------
------------Online ActivityPrediction------------
------------Updating Models------------
------------Updating Models------------
------------Updating Models------------
------------Updating Models------------
------------Saving Results------------
drift:  4 [11372, 11447, 11613, 22971]
average accuracy:  0.7635444121556171
average fscore:  0.6355970409197507
average consistency:  0.0
total time:  1452.8388349410088
Experiment results saved to results/result_prodrift_re_5k.csv
event_log:prodrift_re_5k, discovery_algorithm:IND, prediction_algorithm:Transformer, dynamic_update:True, update_strategy:finetune, apply_constraint:True, use_consistency:True, use_only_conflict_data:True, confidence_threshold:0.5, consistency_alpha:1.0, win_min:300, adwin_threshold:2.576
torch_device: cuda:1
------------Initialization------------
------------Online ActivityPrediction------------
------------Updating Models------------
------------Updating Models------------
------------Updating Models------------
------------Updating Models------------
------------Saving Results------------
drift:  4 [11384, 11453, 11659, 22975]
average accuracy:  0.7641075893762249
average fscore:  0.6461912666936126
average consistency:  0.0
total time:  1355.9892699040065
Experiment results saved to results/result_prodrift_re_5k.csv
event_log:prodrift_re_5k, discovery_algorithm:IND, prediction_algorithm:Transformer, dynamic_update:True, update_strategy:finetune, apply_constraint:True, use_consistency:True, use_only_conflict_data:True, confidence_threshold:0.5, consistency_alpha:1.0, win_min:300, adwin_threshold:3.09
torch_device: cuda:1
------------Initialization------------
------------Online ActivityPrediction------------
------------Updating Models------------
------------Updating Models------------
------------Updating Models------------
------------Updating Models------------
------------Saving Results------------
drift:  4 [11412, 11467, 18314, 24062]
average accuracy:  0.7805523642179721
average fscore:  0.6819491536538542
average consistency:  0.0
total time:  1340.8762236309994
Experiment results saved to results/result_prodrift_re_5k.csv
event_log:prodrift_re_5k, discovery_algorithm:ILP, prediction_algorithm:LSTM, dynamic_update:True, update_strategy:finetune, apply_constraint:True, use_consistency:True, use_only_conflict_data:True, confidence_threshold:0.5, consistency_alpha:0, win_min:300, adwin_threshold:0
torch_device: cuda:1
------------Initialization------------
------------Online ActivityPrediction------------
------------Updating Models------------
------------Updating Models------------
------------Updating Models------------
------------Updating Models------------
------------Updating Models------------
------------Updating Models------------
------------Updating Models------------
------------Updating Models------------
------------Updating Models------------
------------Updating Models------------
------------Updating Models------------
------------Updating Models------------
------------Saving Results------------
drift:  12 [11191, 11375, 11533, 22971, 23001, 35228, 46618, 59171, 68655, 82230, 90561, 104210]
average accuracy:  0.7893829830371021
average fscore:  0.7211778395180128
average consistency:  0.0
total time:  1013.524212215998
Experiment results saved to results/result_prodrift_re_5k.csv
event_log:prodrift_re_5k, discovery_algorithm:ILP, prediction_algorithm:LSTM, dynamic_update:True, update_strategy:finetune, apply_constraint:True, use_consistency:True, use_only_conflict_data:True, confidence_threshold:0.5, consistency_alpha:0, win_min:300, adwin_threshold:0.674
torch_device: cuda:1
------------Initialization------------
------------Online ActivityPrediction------------
------------Updating Models------------
------------Updating Models------------
------------Updating Models------------
------------Updating Models------------
------------Updating Models------------
------------Saving Results------------
drift:  5 [11191, 11385, 11755, 13157, 23041]
average accuracy:  0.7738280282039152
average fscore:  0.6857189565100675
average consistency:  0.0
total time:  863.7120230720029
Experiment results saved to results/result_prodrift_re_5k.csv
event_log:prodrift_re_5k, discovery_algorithm:ILP, prediction_algorithm:LSTM, dynamic_update:True, update_strategy:finetune, apply_constraint:True, use_consistency:True, use_only_conflict_data:True, confidence_threshold:0.5, consistency_alpha:0, win_min:300, adwin_threshold:1.282
torch_device: cuda:1
------------Initialization------------
------------Online ActivityPrediction------------
------------Updating Models------------
------------Updating Models------------
------------Saving Results------------
drift:  2 [11191, 11412]
average accuracy:  0.779820233831182
average fscore:  0.6969036269648534
average consistency:  0.0
total time:  852.9363618080097
Experiment results saved to results/result_prodrift_re_5k.csv
event_log:prodrift_re_5k, discovery_algorithm:ILP, prediction_algorithm:LSTM, dynamic_update:True, update_strategy:finetune, apply_constraint:True, use_consistency:True, use_only_conflict_data:True, confidence_threshold:0.5, consistency_alpha:0, win_min:300, adwin_threshold:1.645
torch_device: cuda:1
------------Initialization------------
------------Online ActivityPrediction------------
------------Updating Models------------
------------Updating Models------------
------------Updating Models------------
------------Saving Results------------
drift:  3 [11415, 11469, 23289]
average accuracy:  0.7668221035795544
average fscore:  0.6777074158304629
average consistency:  0.0
total time:  858.5740664189943
Experiment results saved to results/result_prodrift_re_5k.csv
event_log:prodrift_re_5k, discovery_algorithm:ILP, prediction_algorithm:LSTM, dynamic_update:True, update_strategy:finetune, apply_constraint:True, use_consistency:True, use_only_conflict_data:True, confidence_threshold:0.5, consistency_alpha:0, win_min:300, adwin_threshold:2.326
torch_device: cuda:1
------------Initialization------------
------------Online ActivityPrediction------------
------------Updating Models------------
------------Updating Models------------
------------Updating Models------------
------------Updating Models------------
------------Updating Models------------
------------Updating Models------------
------------Updating Models------------
------------Updating Models------------
------------Updating Models------------
------------Updating Models------------
------------Saving Results------------
drift:  10 [11443, 11483, 23298, 39450, 48436, 62618, 71237, 86128, 90529, 104495]
average accuracy:  0.773963190736861
average fscore:  0.7067734405960818
average consistency:  0.0
total time:  972.4449045530055
Experiment results saved to results/result_prodrift_re_5k.csv
event_log:prodrift_re_5k, discovery_algorithm:ILP, prediction_algorithm:LSTM, dynamic_update:True, update_strategy:finetune, apply_constraint:True, use_consistency:True, use_only_conflict_data:True, confidence_threshold:0.5, consistency_alpha:0, win_min:300, adwin_threshold:2.576
torch_device: cuda:1
------------Initialization------------
------------Online ActivityPrediction------------
------------Updating Models------------
------------Updating Models------------
------------Updating Models------------
------------Updating Models------------
------------Updating Models------------
------------Updating Models------------
------------Updating Models------------
------------Updating Models------------
------------Updating Models------------
------------Updating Models------------
------------Saving Results------------
drift:  10 [11452, 11488, 23289, 36307, 47129, 62043, 70365, 85369, 89064, 108164]
average accuracy:  0.781701245748012
average fscore:  0.7144299770748943
average consistency:  0.0
total time:  993.773116633005
Experiment results saved to results/result_prodrift_re_5k.csv
event_log:prodrift_re_5k, discovery_algorithm:ILP, prediction_algorithm:LSTM, dynamic_update:True, update_strategy:finetune, apply_constraint:True, use_consistency:True, use_only_conflict_data:True, confidence_threshold:0.5, consistency_alpha:0, win_min:300, adwin_threshold:3.09
torch_device: cuda:1
------------Initialization------------
------------Online ActivityPrediction------------
------------Updating Models------------
------------Updating Models------------
------------Updating Models------------
------------Saving Results------------
drift:  3 [11471, 11497, 19079]
average accuracy:  0.7504111193710437
average fscore:  0.6577242008118622
average consistency:  0.0
total time:  836.787522374012
Experiment results saved to results/result_prodrift_re_5k.csv
event_log:prodrift_re_5k, discovery_algorithm:ILP, prediction_algorithm:LSTM, dynamic_update:True, update_strategy:finetune, apply_constraint:True, use_consistency:True, use_only_conflict_data:True, confidence_threshold:0.5, consistency_alpha:0.25, win_min:300, adwin_threshold:0
torch_device: cuda:1
------------Initialization------------
------------Online ActivityPrediction------------
------------Updating Models------------
------------Updating Models------------
------------Updating Models------------
------------Updating Models------------
------------Updating Models------------
------------Updating Models------------
------------Updating Models------------
------------Updating Models------------
------------Updating Models------------
------------Updating Models------------
------------Updating Models------------
------------Updating Models------------
------------Updating Models------------
------------Updating Models------------
------------Updating Models------------
------------Saving Results------------
drift:  15 [11191, 11356, 11522, 11687, 12014, 13079, 13147, 13566, 13599, 13766, 13940, 14102, 22297, 23137, 33969]
average accuracy:  0.7860264468022797
average fscore:  0.707119573291407
average consistency:  0.0
total time:  794.2975104920042
Experiment results saved to results/result_prodrift_re_5k.csv
event_log:prodrift_re_5k, discovery_algorithm:ILP, prediction_algorithm:LSTM, dynamic_update:True, update_strategy:finetune, apply_constraint:True, use_consistency:True, use_only_conflict_data:True, confidence_threshold:0.5, consistency_alpha:0.25, win_min:300, adwin_threshold:0.674
torch_device: cuda:1
------------Initialization------------
------------Online ActivityPrediction------------
------------Updating Models------------
------------Updating Models------------
------------Updating Models------------
------------Updating Models------------
------------Updating Models------------
------------Updating Models------------
------------Updating Models------------
------------Updating Models------------
------------Updating Models------------
------------Updating Models------------
------------Updating Models------------
------------Updating Models------------
------------Updating Models------------
------------Updating Models------------
------------Updating Models------------
------------Saving Results------------
drift:  15 [11191, 11371, 11537, 15442, 15526, 15532, 15595, 16131, 16137, 16292, 16910, 20992, 21095, 21504, 22053]
average accuracy:  0.7726904102182874
average fscore:  0.703917457847513
average consistency:  0.0
total time:  806.1887807300081
Experiment results saved to results/result_prodrift_re_5k.csv
event_log:prodrift_re_5k, discovery_algorithm:ILP, prediction_algorithm:LSTM, dynamic_update:True, update_strategy:finetune, apply_constraint:True, use_consistency:True, use_only_conflict_data:True, confidence_threshold:0.5, consistency_alpha:0.25, win_min:300, adwin_threshold:1.282
torch_device: cuda:1
------------Initialization------------
------------Online ActivityPrediction------------
------------Updating Models------------
------------Updating Models------------
------------Saving Results------------
drift:  2 [11191, 11384]
average accuracy:  0.774830483656597
average fscore:  0.6783886620899002
average consistency:  0.0
total time:  820.7126015079994
Experiment results saved to results/result_prodrift_re_5k.csv
event_log:prodrift_re_5k, discovery_algorithm:ILP, prediction_algorithm:LSTM, dynamic_update:True, update_strategy:finetune, apply_constraint:True, use_consistency:True, use_only_conflict_data:True, confidence_threshold:0.5, consistency_alpha:0.25, win_min:300, adwin_threshold:1.645
torch_device: cuda:1
------------Initialization------------
------------Online ActivityPrediction------------
------------Updating Models------------
------------Updating Models------------
------------Updating Models------------
------------Updating Models------------
------------Updating Models------------
------------Updating Models------------
------------Updating Models------------
------------Updating Models------------
------------Updating Models------------
------------Updating Models------------
------------Updating Models------------
------------Saving Results------------
drift:  11 [11380, 11451, 13093, 23403, 35695, 46124, 58966, 68329, 82380, 90517, 103870]
average accuracy:  0.7888873870829672
average fscore:  0.723058309773847
average consistency:  0.0
total time:  926.9156633669918
Experiment results saved to results/result_prodrift_re_5k.csv
event_log:prodrift_re_5k, discovery_algorithm:ILP, prediction_algorithm:LSTM, dynamic_update:True, update_strategy:finetune, apply_constraint:True, use_consistency:True, use_only_conflict_data:True, confidence_threshold:0.5, consistency_alpha:0.25, win_min:300, adwin_threshold:2.326
torch_device: cuda:1
------------Initialization------------
------------Online ActivityPrediction------------
------------Updating Models------------
------------Updating Models------------
------------Updating Models------------
------------Updating Models------------
------------Updating Models------------
------------Updating Models------------
------------Updating Models------------
------------Updating Models------------
------------Updating Models------------
------------Updating Models------------
------------Saving Results------------
drift:  10 [11412, 11467, 23209, 36881, 47231, 61535, 69755, 81727, 90580, 104279]
average accuracy:  0.7844608141289902
average fscore:  0.7154143532489254
average consistency:  0.0
total time:  928.1837560770073
Experiment results saved to results/result_prodrift_re_5k.csv
event_log:prodrift_re_5k, discovery_algorithm:ILP, prediction_algorithm:LSTM, dynamic_update:True, update_strategy:finetune, apply_constraint:True, use_consistency:True, use_only_conflict_data:True, confidence_threshold:0.5, consistency_alpha:0.25, win_min:300, adwin_threshold:2.576
torch_device: cuda:1
------------Initialization------------
------------Online ActivityPrediction------------
------------Updating Models------------
------------Updating Models------------
------------Updating Models------------
------------Saving Results------------
drift:  3 [11415, 11469, 23289]
average accuracy:  0.7668221035795544
average fscore:  0.6777074158304629
average consistency:  0.0
total time:  798.3589444719983
Experiment results saved to results/result_prodrift_re_5k.csv
event_log:prodrift_re_5k, discovery_algorithm:ILP, prediction_algorithm:LSTM, dynamic_update:True, update_strategy:finetune, apply_constraint:True, use_consistency:True, use_only_conflict_data:True, confidence_threshold:0.5, consistency_alpha:0.25, win_min:300, adwin_threshold:3.09
torch_device: cuda:1
------------Initialization------------
------------Online ActivityPrediction------------
------------Updating Models------------
------------Updating Models------------
------------Updating Models------------
------------Updating Models------------
------------Updating Models------------
------------Updating Models------------
------------Updating Models------------
------------Updating Models------------
------------Updating Models------------
------------Updating Models------------
------------Updating Models------------
------------Saving Results------------
drift:  11 [11436, 11479, 22693, 22708, 35945, 46912, 61823, 71214, 88033, 95481, 99235]
average accuracy:  0.7754837692325021
average fscore:  0.7056591021914776
average consistency:  0.0
total time:  933.6897915940062
Experiment results saved to results/result_prodrift_re_5k.csv
event_log:prodrift_re_5k, discovery_algorithm:ILP, prediction_algorithm:LSTM, dynamic_update:True, update_strategy:finetune, apply_constraint:True, use_consistency:True, use_only_conflict_data:True, confidence_threshold:0.5, consistency_alpha:0.5, win_min:300, adwin_threshold:0
torch_device: cuda:1
------------Initialization------------
------------Online ActivityPrediction------------
------------Updating Models------------
------------Updating Models------------
------------Updating Models------------
------------Updating Models------------
------------Updating Models------------
------------Updating Models------------
------------Updating Models------------
------------Updating Models------------
------------Updating Models------------
------------Updating Models------------
------------Updating Models------------
------------Updating Models------------
------------Updating Models------------
------------Updating Models------------
------------Updating Models------------
------------Saving Results------------
drift:  15 [11191, 11356, 11522, 11687, 12014, 13079, 13147, 13566, 13599, 13766, 13940, 14102, 22297, 23137, 33969]
average accuracy:  0.7860264468022797
average fscore:  0.707119573291407
average consistency:  0.0
total time:  792.4839759120077
Experiment results saved to results/result_prodrift_re_5k.csv
event_log:prodrift_re_5k, discovery_algorithm:ILP, prediction_algorithm:LSTM, dynamic_update:True, update_strategy:finetune, apply_constraint:True, use_consistency:True, use_only_conflict_data:True, confidence_threshold:0.5, consistency_alpha:0.5, win_min:300, adwin_threshold:0.674
torch_device: cuda:1
------------Initialization------------
------------Online ActivityPrediction------------
------------Updating Models------------
------------Updating Models------------
------------Updating Models------------
------------Updating Models------------
------------Updating Models------------
------------Updating Models------------
------------Updating Models------------
------------Updating Models------------
------------Updating Models------------
------------Updating Models------------
------------Updating Models------------
------------Updating Models------------
------------Updating Models------------
------------Updating Models------------
------------Updating Models------------
------------Updating Models------------
------------Updating Models------------
------------Updating Models------------
------------Updating Models------------
------------Updating Models------------
------------Updating Models------------
------------Saving Results------------
drift:  21 [11191, 11356, 11547, 11876, 11956, 12119, 12299, 12522, 12653, 13226, 13771, 16965, 22213, 22215, 36153, 46811, 61452, 69114, 81809, 88803, 102465]
average accuracy:  0.7833006690545381
average fscore:  0.7086232667672681
average consistency:  0.0
total time:  912.1595424810075
Experiment results saved to results/result_prodrift_re_5k.csv
event_log:prodrift_re_5k, discovery_algorithm:ILP, prediction_algorithm:LSTM, dynamic_update:True, update_strategy:finetune, apply_constraint:True, use_consistency:True, use_only_conflict_data:True, confidence_threshold:0.5, consistency_alpha:0.5, win_min:300, adwin_threshold:1.282
torch_device: cuda:1
------------Initialization------------
------------Online ActivityPrediction------------
------------Updating Models------------
------------Updating Models------------
------------Updating Models------------
------------Updating Models------------
------------Saving Results------------
drift:  4 [11370, 11446, 11612, 22742]
average accuracy:  0.7612466490955374
average fscore:  0.6494403700492457
average consistency:  0.0
total time:  795.6122000890027
Experiment results saved to results/result_prodrift_re_5k.csv
event_log:prodrift_re_5k, discovery_algorithm:ILP, prediction_algorithm:LSTM, dynamic_update:True, update_strategy:finetune, apply_constraint:True, use_consistency:True, use_only_conflict_data:True, confidence_threshold:0.5, consistency_alpha:0.5, win_min:300, adwin_threshold:1.645
torch_device: cuda:1
------------Initialization------------
------------Online ActivityPrediction------------
------------Updating Models------------
------------Updating Models------------
------------Updating Models------------
------------Updating Models------------
------------Saving Results------------
drift:  4 [11372, 11447, 11613, 22783]
average accuracy:  0.7617647721384966
average fscore:  0.6555608646804841
average consistency:  0.0
total time:  801.7801535309991
Experiment results saved to results/result_prodrift_re_5k.csv
event_log:prodrift_re_5k, discovery_algorithm:ILP, prediction_algorithm:LSTM, dynamic_update:True, update_strategy:finetune, apply_constraint:True, use_consistency:True, use_only_conflict_data:True, confidence_threshold:0.5, consistency_alpha:0.5, win_min:300, adwin_threshold:2.326
torch_device: cuda:1
------------Initialization------------
------------Online ActivityPrediction------------
------------Updating Models------------
------------Updating Models------------
------------Updating Models------------
------------Updating Models------------
------------Updating Models------------
------------Updating Models------------
------------Updating Models------------
------------Updating Models------------
------------Saving Results------------
drift:  8 [11378, 11450, 13986, 24123, 37090, 47737, 62007, 73338]
average accuracy:  0.7770944560834403
average fscore:  0.7059071848650598
average consistency:  0.0
total time:  847.7249236909993
Experiment results saved to results/result_prodrift_re_5k.csv
event_log:prodrift_re_5k, discovery_algorithm:ILP, prediction_algorithm:LSTM, dynamic_update:True, update_strategy:finetune, apply_constraint:True, use_consistency:True, use_only_conflict_data:True, confidence_threshold:0.5, consistency_alpha:0.5, win_min:300, adwin_threshold:2.576
torch_device: cuda:1
------------Initialization------------
------------Online ActivityPrediction------------
------------Updating Models------------
------------Updating Models------------
------------Updating Models------------
------------Updating Models------------
------------Updating Models------------
------------Updating Models------------
------------Updating Models------------
------------Updating Models------------
------------Saving Results------------
drift:  8 [11384, 11453, 22685, 23196, 36365, 49042, 62655, 74210]
average accuracy:  0.7761595818972314
average fscore:  0.7111916669137427
average consistency:  0.0
total time:  841.0283381960035
Experiment results saved to results/result_prodrift_re_5k.csv
event_log:prodrift_re_5k, discovery_algorithm:ILP, prediction_algorithm:LSTM, dynamic_update:True, update_strategy:finetune, apply_constraint:True, use_consistency:True, use_only_conflict_data:True, confidence_threshold:0.5, consistency_alpha:0.5, win_min:300, adwin_threshold:3.09
torch_device: cuda:1
------------Initialization------------
------------Online ActivityPrediction------------
------------Updating Models------------
------------Updating Models------------
------------Updating Models------------
------------Updating Models------------
------------Updating Models------------
------------Updating Models------------
------------Saving Results------------
drift:  6 [11404, 11463, 18318, 23348, 37644, 48598]
average accuracy:  0.7832894055101259
average fscore:  0.7051326688246442
average consistency:  0.0
total time:  805.7168918509997
Experiment results saved to results/result_prodrift_re_5k.csv
event_log:prodrift_re_5k, discovery_algorithm:ILP, prediction_algorithm:LSTM, dynamic_update:True, update_strategy:finetune, apply_constraint:True, use_consistency:True, use_only_conflict_data:True, confidence_threshold:0.5, consistency_alpha:0.75, win_min:300, adwin_threshold:0
torch_device: cuda:1
------------Initialization------------
------------Online ActivityPrediction------------
------------Updating Models------------
------------Updating Models------------
------------Updating Models------------
------------Updating Models------------
------------Updating Models------------
------------Updating Models------------
------------Updating Models------------
------------Updating Models------------
------------Updating Models------------
------------Updating Models------------
------------Updating Models------------
------------Updating Models------------
------------Updating Models------------
------------Updating Models------------
------------Updating Models------------
------------Saving Results------------
drift:  15 [11191, 11356, 11522, 11687, 12014, 13079, 13147, 13566, 13599, 13766, 13940, 14102, 22297, 23137, 33969]
average accuracy:  0.7860264468022797
average fscore:  0.707119573291407
average consistency:  0.0
total time:  768.3005574080016
Experiment results saved to results/result_prodrift_re_5k.csv
event_log:prodrift_re_5k, discovery_algorithm:ILP, prediction_algorithm:LSTM, dynamic_update:True, update_strategy:finetune, apply_constraint:True, use_consistency:True, use_only_conflict_data:True, confidence_threshold:0.5, consistency_alpha:0.75, win_min:300, adwin_threshold:0.674
torch_device: cuda:1
------------Initialization------------
------------Online ActivityPrediction------------
------------Updating Models------------
------------Updating Models------------
------------Updating Models------------
------------Updating Models------------
------------Saving Results------------
drift:  4 [11370, 11446, 11612, 22783]
average accuracy:  0.7616859273276114
average fscore:  0.6512279424212258
average consistency:  0.0
total time:  826.5359890709951
Experiment results saved to results/result_prodrift_re_5k.csv
event_log:prodrift_re_5k, discovery_algorithm:ILP, prediction_algorithm:LSTM, dynamic_update:True, update_strategy:finetune, apply_constraint:True, use_consistency:True, use_only_conflict_data:True, confidence_threshold:0.5, consistency_alpha:0.75, win_min:300, adwin_threshold:1.282
torch_device: cuda:1
------------Initialization------------
------------Online ActivityPrediction------------
------------Updating Models------------
------------Updating Models------------
------------Updating Models------------
------------Updating Models------------
------------Saving Results------------
drift:  4 [11370, 11446, 11612, 22990]
average accuracy:  0.7665292514248384
average fscore:  0.6630807102862163
average consistency:  0.0
total time:  798.6279385429953
Experiment results saved to results/result_prodrift_re_5k.csv
event_log:prodrift_re_5k, discovery_algorithm:ILP, prediction_algorithm:LSTM, dynamic_update:True, update_strategy:finetune, apply_constraint:True, use_consistency:True, use_only_conflict_data:True, confidence_threshold:0.5, consistency_alpha:0.75, win_min:300, adwin_threshold:1.645
torch_device: cuda:1
------------Initialization------------
------------Online ActivityPrediction------------
------------Updating Models------------
------------Updating Models------------
------------Updating Models------------
------------Updating Models------------
------------Saving Results------------
drift:  4 [11370, 11446, 11612, 22990]
average accuracy:  0.7665292514248384
average fscore:  0.6630807102862163
average consistency:  0.0
total time:  801.8903957660077
Experiment results saved to results/result_prodrift_re_5k.csv
event_log:prodrift_re_5k, discovery_algorithm:ILP, prediction_algorithm:LSTM, dynamic_update:True, update_strategy:finetune, apply_constraint:True, use_consistency:True, use_only_conflict_data:True, confidence_threshold:0.5, consistency_alpha:0.75, win_min:300, adwin_threshold:2.326
torch_device: cuda:1
------------Initialization------------
------------Online ActivityPrediction------------
------------Updating Models------------
------------Updating Models------------
------------Updating Models------------
------------Updating Models------------
------------Saving Results------------
drift:  4 [11372, 11447, 11613, 22990]
average accuracy:  0.7618323534049695
average fscore:  0.6473512703541774
average consistency:  0.0
total time:  789.6677595380024
Experiment results saved to results/result_prodrift_re_5k.csv
event_log:prodrift_re_5k, discovery_algorithm:ILP, prediction_algorithm:LSTM, dynamic_update:True, update_strategy:finetune, apply_constraint:True, use_consistency:True, use_only_conflict_data:True, confidence_threshold:0.5, consistency_alpha:0.75, win_min:300, adwin_threshold:2.576
torch_device: cuda:1
------------Initialization------------
------------Online ActivityPrediction------------
------------Updating Models------------
------------Updating Models------------
------------Updating Models------------
------------Updating Models------------
------------Saving Results------------
drift:  4 [11377, 11449, 11615, 22990]
average accuracy:  0.7672726453560407
average fscore:  0.6599710299785114
average consistency:  0.0
total time:  796.6044447440072
Experiment results saved to results/result_prodrift_re_5k.csv
event_log:prodrift_re_5k, discovery_algorithm:ILP, prediction_algorithm:LSTM, dynamic_update:True, update_strategy:finetune, apply_constraint:True, use_consistency:True, use_only_conflict_data:True, confidence_threshold:0.5, consistency_alpha:0.75, win_min:300, adwin_threshold:3.09
torch_device: cuda:1
------------Initialization------------
------------Online ActivityPrediction------------
------------Updating Models------------
------------Updating Models------------
------------Updating Models------------
------------Updating Models------------
------------Saving Results------------
drift:  4 [11402, 11462, 18063, 24972]
average accuracy:  0.7813858665044716
average fscore:  0.6958527035537267
average consistency:  0.0
total time:  812.9561982290179
Experiment results saved to results/result_prodrift_re_5k.csv
event_log:prodrift_re_5k, discovery_algorithm:ILP, prediction_algorithm:LSTM, dynamic_update:True, update_strategy:finetune, apply_constraint:True, use_consistency:True, use_only_conflict_data:True, confidence_threshold:0.5, consistency_alpha:1.0, win_min:300, adwin_threshold:0
torch_device: cuda:1
------------Initialization------------
------------Online ActivityPrediction------------
------------Updating Models------------
------------Updating Models------------
------------Updating Models------------
------------Updating Models------------
------------Saving Results------------
drift:  4 [11370, 11446, 11612, 22990]
average accuracy:  0.7665292514248384
average fscore:  0.6630807102862163
average consistency:  0.0
total time:  776.0482544029946
Experiment results saved to results/result_prodrift_re_5k.csv
event_log:prodrift_re_5k, discovery_algorithm:ILP, prediction_algorithm:LSTM, dynamic_update:True, update_strategy:finetune, apply_constraint:True, use_consistency:True, use_only_conflict_data:True, confidence_threshold:0.5, consistency_alpha:1.0, win_min:300, adwin_threshold:0.674
torch_device: cuda:1
------------Initialization------------
------------Online ActivityPrediction------------
------------Updating Models------------
------------Updating Models------------
------------Updating Models------------
------------Updating Models------------
------------Saving Results------------
drift:  4 [11370, 11446, 11612, 22990]
average accuracy:  0.7665292514248384
average fscore:  0.6630807102862163
average consistency:  0.0
total time:  800.6170888839988
Experiment results saved to results/result_prodrift_re_5k.csv
event_log:prodrift_re_5k, discovery_algorithm:ILP, prediction_algorithm:LSTM, dynamic_update:True, update_strategy:finetune, apply_constraint:True, use_consistency:True, use_only_conflict_data:True, confidence_threshold:0.5, consistency_alpha:1.0, win_min:300, adwin_threshold:1.282
torch_device: cuda:1
------------Initialization------------
------------Online ActivityPrediction------------
------------Updating Models------------
------------Updating Models------------
------------Updating Models------------
------------Updating Models------------
------------Saving Results------------
drift:  4 [11370, 11446, 11612, 22990]
average accuracy:  0.7665292514248384
average fscore:  0.6630807102862163
average consistency:  0.0
total time:  800.976446812012
Experiment results saved to results/result_prodrift_re_5k.csv
event_log:prodrift_re_5k, discovery_algorithm:ILP, prediction_algorithm:LSTM, dynamic_update:True, update_strategy:finetune, apply_constraint:True, use_consistency:True, use_only_conflict_data:True, confidence_threshold:0.5, consistency_alpha:1.0, win_min:300, adwin_threshold:1.645
torch_device: cuda:1
------------Initialization------------
------------Online ActivityPrediction------------
------------Updating Models------------
------------Updating Models------------
------------Updating Models------------
------------Updating Models------------
------------Saving Results------------
drift:  4 [11370, 11446, 11612, 22990]
average accuracy:  0.7665292514248384
average fscore:  0.6630807102862163
average consistency:  0.0
total time:  808.9226338090084
Experiment results saved to results/result_prodrift_re_5k.csv
event_log:prodrift_re_5k, discovery_algorithm:ILP, prediction_algorithm:LSTM, dynamic_update:True, update_strategy:finetune, apply_constraint:True, use_consistency:True, use_only_conflict_data:True, confidence_threshold:0.5, consistency_alpha:1.0, win_min:300, adwin_threshold:2.326
torch_device: cuda:1
------------Initialization------------
------------Online ActivityPrediction------------
------------Updating Models------------
------------Updating Models------------
------------Updating Models------------
------------Updating Models------------
------------Saving Results------------
drift:  4 [11372, 11447, 11613, 22990]
average accuracy:  0.7618323534049695
average fscore:  0.6473512703541774
average consistency:  0.0
total time:  814.5351529030013
Experiment results saved to results/result_prodrift_re_5k.csv
event_log:prodrift_re_5k, discovery_algorithm:ILP, prediction_algorithm:LSTM, dynamic_update:True, update_strategy:finetune, apply_constraint:True, use_consistency:True, use_only_conflict_data:True, confidence_threshold:0.5, consistency_alpha:1.0, win_min:300, adwin_threshold:2.576
torch_device: cuda:1
------------Initialization------------
------------Online ActivityPrediction------------
------------Updating Models------------
------------Updating Models------------
------------Updating Models------------
------------Updating Models------------
------------Saving Results------------
drift:  4 [11384, 11453, 11620, 22970]
average accuracy:  0.7661575544592373
average fscore:  0.6703886820407284
average consistency:  0.0
total time:  824.9015168230108
Experiment results saved to results/result_prodrift_re_5k.csv
event_log:prodrift_re_5k, discovery_algorithm:ILP, prediction_algorithm:LSTM, dynamic_update:True, update_strategy:finetune, apply_constraint:True, use_consistency:True, use_only_conflict_data:True, confidence_threshold:0.5, consistency_alpha:1.0, win_min:300, adwin_threshold:3.09
torch_device: cuda:1
------------Initialization------------
------------Online ActivityPrediction------------
------------Updating Models------------
------------Updating Models------------
------------Updating Models------------
------------Updating Models------------
------------Saving Results------------
drift:  4 [11412, 11467, 18046, 24933]
average accuracy:  0.7820391520803767
average fscore:  0.6960425706088008
average consistency:  0.0
total time:  824.5316220570239
Experiment results saved to results/result_prodrift_re_5k.csv
event_log:prodrift_re_5k, discovery_algorithm:ILP, prediction_algorithm:Transformer, dynamic_update:True, update_strategy:finetune, apply_constraint:True, use_consistency:True, use_only_conflict_data:True, confidence_threshold:0.5, consistency_alpha:0, win_min:300, adwin_threshold:0
torch_device: cuda:1
------------Initialization------------
------------Online ActivityPrediction------------
------------Updating Models------------
------------Updating Models------------
------------Updating Models------------
------------Updating Models------------
------------Updating Models------------
------------Updating Models------------
------------Updating Models------------
------------Updating Models------------
------------Updating Models------------
------------Updating Models------------
------------Updating Models------------
------------Updating Models------------
------------Updating Models------------
------------Updating Models------------
------------Updating Models------------
------------Updating Models------------
------------Updating Models------------
------------Updating Models------------
------------Saving Results------------
drift:  18 [11191, 11548, 11619, 23534, 24275, 35821, 45715, 45954, 56997, 57103, 67322, 67481, 78128, 78323, 87638, 87669, 87699, 100514]
average accuracy:  0.7908922979883309
average fscore:  0.7215796910258895
average consistency:  0.0
total time:  1516.4366754129878
Experiment results saved to results/result_prodrift_re_5k.csv
event_log:prodrift_re_5k, discovery_algorithm:ILP, prediction_algorithm:Transformer, dynamic_update:True, update_strategy:finetune, apply_constraint:True, use_consistency:True, use_only_conflict_data:True, confidence_threshold:0.5, consistency_alpha:0, win_min:300, adwin_threshold:0.674
torch_device: cuda:1
------------Initialization------------
------------Online ActivityPrediction------------
------------Updating Models------------
------------Updating Models------------
------------Updating Models------------
------------Updating Models------------
------------Updating Models------------
------------Updating Models------------
------------Updating Models------------
------------Updating Models------------
------------Updating Models------------
------------Updating Models------------
------------Updating Models------------
------------Updating Models------------
------------Saving Results------------
drift:  12 [11191, 11577, 13305, 23154, 26225, 37907, 45717, 58716, 59022, 66478, 67098, 78872]
average accuracy:  0.7849113559054763
average fscore:  0.7003860866331983
average consistency:  0.0
total time:  1384.929832178983
Experiment results saved to results/result_prodrift_re_5k.csv
event_log:prodrift_re_5k, discovery_algorithm:ILP, prediction_algorithm:Transformer, dynamic_update:True, update_strategy:finetune, apply_constraint:True, use_consistency:True, use_only_conflict_data:True, confidence_threshold:0.5, consistency_alpha:0, win_min:300, adwin_threshold:1.282
torch_device: cuda:1
------------Initialization------------
------------Online ActivityPrediction------------
------------Updating Models------------
------------Updating Models------------
------------Updating Models------------
------------Saving Results------------
drift:  3 [11191, 11876, 22572]
average accuracy:  0.7629023901241243
average fscore:  0.6487396719909677
average consistency:  0.0
total time:  1196.8560512799886
Experiment results saved to results/result_prodrift_re_5k.csv
event_log:prodrift_re_5k, discovery_algorithm:ILP, prediction_algorithm:Transformer, dynamic_update:True, update_strategy:finetune, apply_constraint:True, use_consistency:True, use_only_conflict_data:True, confidence_threshold:0.5, consistency_alpha:0, win_min:300, adwin_threshold:1.645
torch_device: cuda:1
------------Initialization------------
------------Online ActivityPrediction------------
------------Updating Models------------
------------Saving Results------------
drift:  1 [11191]
average accuracy:  0.7813070216935866
average fscore:  0.6566899355833995
average consistency:  0.0
total time:  1184.2935285590065
Experiment results saved to results/result_prodrift_re_5k.csv
event_log:prodrift_re_5k, discovery_algorithm:ILP, prediction_algorithm:Transformer, dynamic_update:True, update_strategy:finetune, apply_constraint:True, use_consistency:True, use_only_conflict_data:True, confidence_threshold:0.5, consistency_alpha:0, win_min:300, adwin_threshold:2.326
torch_device: cuda:1
------------Initialization------------
------------Online ActivityPrediction------------
------------Saving Results------------
drift:  0 []
average accuracy:  0.7812619675159379
average fscore:  0.6821469679162327
average consistency:  0.0
total time:  1190.0102823710185
Experiment results saved to results/result_prodrift_re_5k.csv
event_log:prodrift_re_5k, discovery_algorithm:ILP, prediction_algorithm:Transformer, dynamic_update:True, update_strategy:finetune, apply_constraint:True, use_consistency:True, use_only_conflict_data:True, confidence_threshold:0.5, consistency_alpha:0, win_min:300, adwin_threshold:2.576
torch_device: cuda:1
------------Initialization------------
------------Online ActivityPrediction------------
------------Saving Results------------
drift:  0 []
average accuracy:  0.7812619675159379
average fscore:  0.6821469679162327
average consistency:  0.0
total time:  1184.3032521750138
Experiment results saved to results/result_prodrift_re_5k.csv
event_log:prodrift_re_5k, discovery_algorithm:ILP, prediction_algorithm:Transformer, dynamic_update:True, update_strategy:finetune, apply_constraint:True, use_consistency:True, use_only_conflict_data:True, confidence_threshold:0.5, consistency_alpha:0, win_min:300, adwin_threshold:3.09
torch_device: cuda:1
------------Initialization------------
------------Online ActivityPrediction------------
------------Saving Results------------
drift:  0 []
average accuracy:  0.7812619675159379
average fscore:  0.6821469679162327
average consistency:  0.0
total time:  1179.8847301650094
Experiment results saved to results/result_prodrift_re_5k.csv
event_log:prodrift_re_5k, discovery_algorithm:ILP, prediction_algorithm:Transformer, dynamic_update:True, update_strategy:finetune, apply_constraint:True, use_consistency:True, use_only_conflict_data:True, confidence_threshold:0.5, consistency_alpha:0.25, win_min:300, adwin_threshold:0
torch_device: cuda:1
------------Initialization------------
------------Online ActivityPrediction------------
------------Updating Models------------
------------Updating Models------------
------------Updating Models------------
------------Updating Models------------
------------Updating Models------------
------------Updating Models------------
------------Updating Models------------
------------Updating Models------------
------------Updating Models------------
------------Updating Models------------
------------Updating Models------------
------------Updating Models------------
------------Updating Models------------
------------Updating Models------------
------------Updating Models------------
------------Updating Models------------
------------Updating Models------------
------------Saving Results------------
drift:  17 [11191, 11356, 11522, 11687, 11854, 12890, 13776, 13875, 13972, 14383, 14427, 14594, 14890, 14991, 22242, 22815, 33900]
average accuracy:  0.7868712126331914
average fscore:  0.6949052304690323
average consistency:  0.0
total time:  1210.1610882520035
Experiment results saved to results/result_prodrift_re_5k.csv
event_log:prodrift_re_5k, discovery_algorithm:ILP, prediction_algorithm:Transformer, dynamic_update:True, update_strategy:finetune, apply_constraint:True, use_consistency:True, use_only_conflict_data:True, confidence_threshold:0.5, consistency_alpha:0.25, win_min:300, adwin_threshold:0.674
torch_device: cuda:1
------------Initialization------------
------------Online ActivityPrediction------------
------------Updating Models------------
------------Updating Models------------
------------Updating Models------------
------------Updating Models------------
------------Updating Models------------
------------Saving Results------------
drift:  5 [11191, 11371, 11530, 12743, 22669]
average accuracy:  0.7645243405194747
average fscore:  0.6386025243044221
average consistency:  0.0
total time:  1197.6444623400166
Experiment results saved to results/result_prodrift_re_5k.csv
event_log:prodrift_re_5k, discovery_algorithm:ILP, prediction_algorithm:Transformer, dynamic_update:True, update_strategy:finetune, apply_constraint:True, use_consistency:True, use_only_conflict_data:True, confidence_threshold:0.5, consistency_alpha:0.25, win_min:300, adwin_threshold:1.282
torch_device: cuda:1
------------Initialization------------
------------Online ActivityPrediction------------
------------Updating Models------------
------------Updating Models------------
------------Updating Models------------
------------Updating Models------------
------------Saving Results------------
drift:  4 [11191, 11469, 18432, 22399]
average accuracy:  0.7635444121556171
average fscore:  0.6470333089050876
average consistency:  0.0
total time:  1191.588659540983
Experiment results saved to results/result_prodrift_re_5k.csv
event_log:prodrift_re_5k, discovery_algorithm:ILP, prediction_algorithm:Transformer, dynamic_update:True, update_strategy:finetune, apply_constraint:True, use_consistency:True, use_only_conflict_data:True, confidence_threshold:0.5, consistency_alpha:0.25, win_min:300, adwin_threshold:1.645
torch_device: cuda:1
------------Initialization------------
------------Online ActivityPrediction------------
------------Updating Models------------
------------Updating Models------------
------------Updating Models------------
------------Updating Models------------
------------Updating Models------------
------------Saving Results------------
drift:  5 [11191, 11548, 22292, 22802, 34067]
average accuracy:  0.7861052916131648
average fscore:  0.6883653022312975
average consistency:  0.0
total time:  1212.5442565699923
Experiment results saved to results/result_prodrift_re_5k.csv
event_log:prodrift_re_5k, discovery_algorithm:ILP, prediction_algorithm:Transformer, dynamic_update:True, update_strategy:finetune, apply_constraint:True, use_consistency:True, use_only_conflict_data:True, confidence_threshold:0.5, consistency_alpha:0.25, win_min:300, adwin_threshold:2.326
torch_device: cuda:1
------------Initialization------------
------------Online ActivityPrediction------------
------------Updating Models------------
------------Updating Models------------
------------Updating Models------------
------------Updating Models------------
------------Updating Models------------
------------Updating Models------------
------------Updating Models------------
------------Updating Models------------
------------Updating Models------------
------------Saving Results------------
drift:  9 [11460, 11491, 22654, 23393, 35866, 47610, 60011, 69741, 82279]
average accuracy:  0.7837512108310243
average fscore:  0.7057181496687127
average consistency:  0.0
total time:  1380.6367947270046
Experiment results saved to results/result_prodrift_re_5k.csv
event_log:prodrift_re_5k, discovery_algorithm:ILP, prediction_algorithm:Transformer, dynamic_update:True, update_strategy:finetune, apply_constraint:True, use_consistency:True, use_only_conflict_data:True, confidence_threshold:0.5, consistency_alpha:0.25, win_min:300, adwin_threshold:2.576
torch_device: cuda:1
------------Initialization------------
------------Online ActivityPrediction------------
------------Updating Models------------
------------Saving Results------------
drift:  1 [11576]
average accuracy:  0.7805636277623843
average fscore:  0.6931710534583462
average consistency:  0.0
total time:  1210.7574669400055
Experiment results saved to results/result_prodrift_re_5k.csv
event_log:prodrift_re_5k, discovery_algorithm:ILP, prediction_algorithm:Transformer, dynamic_update:True, update_strategy:finetune, apply_constraint:True, use_consistency:True, use_only_conflict_data:True, confidence_threshold:0.5, consistency_alpha:0.25, win_min:300, adwin_threshold:3.09
torch_device: cuda:1
------------Initialization------------
------------Online ActivityPrediction------------
------------Updating Models------------
------------Saving Results------------
drift:  1 [11625]
average accuracy:  0.7794823274988173
average fscore:  0.6844967024293068
average consistency:  0.0
total time:  1209.4538777350099
Experiment results saved to results/result_prodrift_re_5k.csv
event_log:prodrift_re_5k, discovery_algorithm:ILP, prediction_algorithm:Transformer, dynamic_update:True, update_strategy:finetune, apply_constraint:True, use_consistency:True, use_only_conflict_data:True, confidence_threshold:0.5, consistency_alpha:0.5, win_min:300, adwin_threshold:0
torch_device: cuda:1
------------Initialization------------
------------Online ActivityPrediction------------
------------Updating Models------------
------------Updating Models------------
------------Updating Models------------
------------Updating Models------------
------------Updating Models------------
------------Updating Models------------
------------Updating Models------------
------------Updating Models------------
------------Updating Models------------
------------Updating Models------------
------------Updating Models------------
------------Updating Models------------
------------Updating Models------------
------------Updating Models------------
------------Updating Models------------
------------Updating Models------------
------------Updating Models------------
------------Saving Results------------
drift:  17 [11191, 11356, 11522, 11687, 11854, 12890, 13776, 13875, 13972, 14383, 14427, 14594, 14890, 14991, 22242, 22815, 33900]
average accuracy:  0.7868712126331914
average fscore:  0.6949052304690323
average consistency:  0.0
total time:  1229.2605205719883
Experiment results saved to results/result_prodrift_re_5k.csv
event_log:prodrift_re_5k, discovery_algorithm:ILP, prediction_algorithm:Transformer, dynamic_update:True, update_strategy:finetune, apply_constraint:True, use_consistency:True, use_only_conflict_data:True, confidence_threshold:0.5, consistency_alpha:0.5, win_min:300, adwin_threshold:0.674
torch_device: cuda:1
------------Initialization------------
------------Online ActivityPrediction------------
------------Updating Models------------
------------Updating Models------------
------------Updating Models------------
------------Updating Models------------
------------Updating Models------------
------------Updating Models------------
------------Updating Models------------
------------Updating Models------------
------------Updating Models------------
------------Saving Results------------
drift:  9 [11191, 11356, 11522, 11687, 11858, 12024, 22509, 22510, 34907]
average accuracy:  0.7875132346646843
average fscore:  0.6851602923624504
average consistency:  0.0
total time:  1241.5644709710032
Experiment results saved to results/result_prodrift_re_5k.csv
event_log:prodrift_re_5k, discovery_algorithm:ILP, prediction_algorithm:Transformer, dynamic_update:True, update_strategy:finetune, apply_constraint:True, use_consistency:True, use_only_conflict_data:True, confidence_threshold:0.5, consistency_alpha:0.5, win_min:300, adwin_threshold:1.282
torch_device: cuda:1
------------Initialization------------
------------Online ActivityPrediction------------
------------Updating Models------------
------------Updating Models------------
------------Updating Models------------
------------Updating Models------------
------------Saving Results------------
drift:  4 [11191, 11370, 12465, 22675]
average accuracy:  0.7635444121556171
average fscore:  0.6428874828640719
average consistency:  0.0
total time:  1208.5853111160104
Experiment results saved to results/result_prodrift_re_5k.csv
event_log:prodrift_re_5k, discovery_algorithm:ILP, prediction_algorithm:Transformer, dynamic_update:True, update_strategy:finetune, apply_constraint:True, use_consistency:True, use_only_conflict_data:True, confidence_threshold:0.5, consistency_alpha:0.5, win_min:300, adwin_threshold:1.645
torch_device: cuda:1
------------Initialization------------
------------Online ActivityPrediction------------
------------Updating Models------------
------------Updating Models------------
------------Updating Models------------
------------Updating Models------------
------------Saving Results------------
drift:  4 [11370, 11446, 11612, 22990]
average accuracy:  0.763533148611205
average fscore:  0.6355822226176965
average consistency:  0.0
total time:  1200.1183869779925
Experiment results saved to results/result_prodrift_re_5k.csv
event_log:prodrift_re_5k, discovery_algorithm:ILP, prediction_algorithm:Transformer, dynamic_update:True, update_strategy:finetune, apply_constraint:True, use_consistency:True, use_only_conflict_data:True, confidence_threshold:0.5, consistency_alpha:0.5, win_min:300, adwin_threshold:2.326
torch_device: cuda:1
------------Initialization------------
------------Online ActivityPrediction------------
------------Updating Models------------
------------Updating Models------------
------------Updating Models------------
------------Updating Models------------
------------Saving Results------------
drift:  4 [11380, 11543, 15947, 23173]
average accuracy:  0.7644905498862382
average fscore:  0.6439622091977701
average consistency:  0.0
total time:  1200.042503389006
Experiment results saved to results/result_prodrift_re_5k.csv
event_log:prodrift_re_5k, discovery_algorithm:ILP, prediction_algorithm:Transformer, dynamic_update:True, update_strategy:finetune, apply_constraint:True, use_consistency:True, use_only_conflict_data:True, confidence_threshold:0.5, consistency_alpha:0.5, win_min:300, adwin_threshold:2.576
torch_device: cuda:1
------------Initialization------------
------------Online ActivityPrediction------------
------------Updating Models------------
------------Updating Models------------
------------Updating Models------------
------------Updating Models------------
------------Updating Models------------
------------Updating Models------------
------------Updating Models------------
------------Updating Models------------
------------Saving Results------------
drift:  8 [11384, 11544, 18304, 23216, 37907, 48449, 62434, 74106]
average accuracy:  0.7763172715190017
average fscore:  0.7068937991553824
average consistency:  0.0
total time:  1375.5446796749893
Experiment results saved to results/result_prodrift_re_5k.csv
event_log:prodrift_re_5k, discovery_algorithm:ILP, prediction_algorithm:Transformer, dynamic_update:True, update_strategy:finetune, apply_constraint:True, use_consistency:True, use_only_conflict_data:True, confidence_threshold:0.5, consistency_alpha:0.5, win_min:300, adwin_threshold:3.09
torch_device: cuda:1
------------Initialization------------
------------Online ActivityPrediction------------
------------Updating Models------------
------------Updating Models------------
------------Updating Models------------
------------Updating Models------------
------------Updating Models------------
------------Updating Models------------
------------Saving Results------------
drift:  6 [11425, 11473, 18342, 23350, 38403, 48398]
average accuracy:  0.7821067333468495
average fscore:  0.6859386854510713
average consistency:  0.0
total time:  1292.29967437702
Experiment results saved to results/result_prodrift_re_5k.csv
event_log:prodrift_re_5k, discovery_algorithm:ILP, prediction_algorithm:Transformer, dynamic_update:True, update_strategy:finetune, apply_constraint:True, use_consistency:True, use_only_conflict_data:True, confidence_threshold:0.5, consistency_alpha:0.75, win_min:300, adwin_threshold:0
torch_device: cuda:1
------------Initialization------------
------------Online ActivityPrediction------------
------------Updating Models------------
------------Updating Models------------
------------Updating Models------------
------------Updating Models------------
------------Updating Models------------
------------Updating Models------------
------------Updating Models------------
------------Updating Models------------
------------Updating Models------------
------------Updating Models------------
------------Updating Models------------
------------Updating Models------------
------------Updating Models------------
------------Updating Models------------
------------Updating Models------------
------------Updating Models------------
------------Updating Models------------
------------Saving Results------------
drift:  17 [11191, 11356, 11522, 11687, 11854, 12890, 13776, 13875, 13972, 14383, 14427, 14594, 14890, 14991, 22242, 22815, 33900]
average accuracy:  0.7868712126331914
average fscore:  0.6949052304690323
average consistency:  0.0
total time:  1233.8266698360094
Experiment results saved to results/result_prodrift_re_5k.csv
event_log:prodrift_re_5k, discovery_algorithm:ILP, prediction_algorithm:Transformer, dynamic_update:True, update_strategy:finetune, apply_constraint:True, use_consistency:True, use_only_conflict_data:True, confidence_threshold:0.5, consistency_alpha:0.75, win_min:300, adwin_threshold:0.674
torch_device: cuda:1
------------Initialization------------
------------Online ActivityPrediction------------
------------Updating Models------------
------------Updating Models------------
------------Updating Models------------
------------Updating Models------------
------------Saving Results------------
drift:  4 [11192, 11357, 12466, 22675]
average accuracy:  0.7634880944335564
average fscore:  0.6406570264848287
average consistency:  0.0
total time:  1221.8751226399909
Experiment results saved to results/result_prodrift_re_5k.csv
event_log:prodrift_re_5k, discovery_algorithm:ILP, prediction_algorithm:Transformer, dynamic_update:True, update_strategy:finetune, apply_constraint:True, use_consistency:True, use_only_conflict_data:True, confidence_threshold:0.5, consistency_alpha:0.75, win_min:300, adwin_threshold:1.282
torch_device: cuda:1
------------Initialization------------
------------Online ActivityPrediction------------
------------Updating Models------------
------------Updating Models------------
------------Updating Models------------
------------Updating Models------------
------------Saving Results------------
drift:  4 [11370, 11446, 11612, 22990]
average accuracy:  0.763533148611205
average fscore:  0.6355822226176965
average consistency:  0.0
total time:  1219.2454256790224
Experiment results saved to results/result_prodrift_re_5k.csv
event_log:prodrift_re_5k, discovery_algorithm:ILP, prediction_algorithm:Transformer, dynamic_update:True, update_strategy:finetune, apply_constraint:True, use_consistency:True, use_only_conflict_data:True, confidence_threshold:0.5, consistency_alpha:0.75, win_min:300, adwin_threshold:1.645
torch_device: cuda:1
------------Initialization------------
------------Online ActivityPrediction------------
------------Updating Models------------
------------Updating Models------------
------------Updating Models------------
------------Updating Models------------
------------Saving Results------------
drift:  4 [11370, 11446, 11612, 22990]
average accuracy:  0.763533148611205
average fscore:  0.6355822226176965
average consistency:  0.0
total time:  1208.5941028630186
Experiment results saved to results/result_prodrift_re_5k.csv
event_log:prodrift_re_5k, discovery_algorithm:ILP, prediction_algorithm:Transformer, dynamic_update:True, update_strategy:finetune, apply_constraint:True, use_consistency:True, use_only_conflict_data:True, confidence_threshold:0.5, consistency_alpha:0.75, win_min:300, adwin_threshold:2.326
torch_device: cuda:1
------------Initialization------------
------------Online ActivityPrediction------------
------------Updating Models------------
------------Updating Models------------
------------Updating Models------------
------------Updating Models------------
------------Saving Results------------
drift:  4 [11372, 11447, 11613, 22990]
average accuracy:  0.763533148611205
average fscore:  0.6355822226176965
average consistency:  0.0
total time:  1205.501186850015
Experiment results saved to results/result_prodrift_re_5k.csv
event_log:prodrift_re_5k, discovery_algorithm:ILP, prediction_algorithm:Transformer, dynamic_update:True, update_strategy:finetune, apply_constraint:True, use_consistency:True, use_only_conflict_data:True, confidence_threshold:0.5, consistency_alpha:0.75, win_min:300, adwin_threshold:2.576
torch_device: cuda:1
------------Initialization------------
------------Online ActivityPrediction------------
------------Updating Models------------
------------Updating Models------------
------------Updating Models------------
------------Updating Models------------
------------Saving Results------------
drift:  4 [11378, 11545, 15925, 23097]
average accuracy:  0.7642202248203465
average fscore:  0.641043569084989
average consistency:  0.0
total time:  1198.0718584810093
Experiment results saved to results/result_prodrift_re_5k.csv
event_log:prodrift_re_5k, discovery_algorithm:ILP, prediction_algorithm:Transformer, dynamic_update:True, update_strategy:finetune, apply_constraint:True, use_consistency:True, use_only_conflict_data:True, confidence_threshold:0.5, consistency_alpha:0.75, win_min:300, adwin_threshold:3.09
torch_device: cuda:1
------------Initialization------------
------------Online ActivityPrediction------------
------------Updating Models------------
------------Updating Models------------
------------Updating Models------------
------------Updating Models------------
------------Saving Results------------
drift:  4 [11402, 11468, 17326, 24650]
average accuracy:  0.7813746029600595
average fscore:  0.6866043955337743
average consistency:  0.0
total time:  1191.3390741619805
Experiment results saved to results/result_prodrift_re_5k.csv
event_log:prodrift_re_5k, discovery_algorithm:ILP, prediction_algorithm:Transformer, dynamic_update:True, update_strategy:finetune, apply_constraint:True, use_consistency:True, use_only_conflict_data:True, confidence_threshold:0.5, consistency_alpha:1.0, win_min:300, adwin_threshold:0
torch_device: cuda:1
------------Initialization------------
------------Online ActivityPrediction------------
------------Updating Models------------
------------Updating Models------------
------------Updating Models------------
------------Updating Models------------
------------Saving Results------------
drift:  4 [11370, 11446, 11612, 22990]
average accuracy:  0.763533148611205
average fscore:  0.6355822226176965
average consistency:  0.0
total time:  1218.163098258985
Experiment results saved to results/result_prodrift_re_5k.csv
event_log:prodrift_re_5k, discovery_algorithm:ILP, prediction_algorithm:Transformer, dynamic_update:True, update_strategy:finetune, apply_constraint:True, use_consistency:True, use_only_conflict_data:True, confidence_threshold:0.5, consistency_alpha:1.0, win_min:300, adwin_threshold:0.674
torch_device: cuda:1
------------Initialization------------
------------Online ActivityPrediction------------
------------Updating Models------------
------------Updating Models------------
------------Updating Models------------
------------Updating Models------------
------------Saving Results------------
drift:  4 [11370, 11446, 11612, 22990]
average accuracy:  0.763533148611205
average fscore:  0.6355822226176965
average consistency:  0.0
total time:  1288.2553440810007
Experiment results saved to results/result_prodrift_re_5k.csv
event_log:prodrift_re_5k, discovery_algorithm:ILP, prediction_algorithm:Transformer, dynamic_update:True, update_strategy:finetune, apply_constraint:True, use_consistency:True, use_only_conflict_data:True, confidence_threshold:0.5, consistency_alpha:1.0, win_min:300, adwin_threshold:1.282
torch_device: cuda:1
------------Initialization------------
------------Online ActivityPrediction------------
------------Updating Models------------
------------Updating Models------------
------------Updating Models------------
------------Updating Models------------
------------Saving Results------------
drift:  4 [11370, 11446, 11612, 22990]
average accuracy:  0.763533148611205
average fscore:  0.6355822226176965
average consistency:  0.0
total time:  1235.0212292860087
Experiment results saved to results/result_prodrift_re_5k.csv
event_log:prodrift_re_5k, discovery_algorithm:ILP, prediction_algorithm:Transformer, dynamic_update:True, update_strategy:finetune, apply_constraint:True, use_consistency:True, use_only_conflict_data:True, confidence_threshold:0.5, consistency_alpha:1.0, win_min:300, adwin_threshold:1.645
torch_device: cuda:1
------------Initialization------------
------------Online ActivityPrediction------------
------------Updating Models------------
------------Updating Models------------
------------Updating Models------------
------------Updating Models------------
------------Saving Results------------
drift:  4 [11370, 11446, 11612, 22990]
average accuracy:  0.763533148611205
average fscore:  0.6355822226176965
average consistency:  0.0
total time:  1205.5631040399894
Experiment results saved to results/result_prodrift_re_5k.csv
event_log:prodrift_re_5k, discovery_algorithm:ILP, prediction_algorithm:Transformer, dynamic_update:True, update_strategy:finetune, apply_constraint:True, use_consistency:True, use_only_conflict_data:True, confidence_threshold:0.5, consistency_alpha:1.0, win_min:300, adwin_threshold:2.326
torch_device: cuda:1
------------Initialization------------
------------Online ActivityPrediction------------
------------Updating Models------------
------------Updating Models------------
------------Updating Models------------
------------Updating Models------------
------------Saving Results------------
drift:  4 [11372, 11447, 11613, 22990]
average accuracy:  0.763533148611205
average fscore:  0.6355822226176965
average consistency:  0.0
total time:  1203.8227500359935
Experiment results saved to results/result_prodrift_re_5k.csv
event_log:prodrift_re_5k, discovery_algorithm:ILP, prediction_algorithm:Transformer, dynamic_update:True, update_strategy:finetune, apply_constraint:True, use_consistency:True, use_only_conflict_data:True, confidence_threshold:0.5, consistency_alpha:1.0, win_min:300, adwin_threshold:2.576
torch_device: cuda:1
------------Initialization------------
------------Online ActivityPrediction------------
------------Updating Models------------
------------Updating Models------------
------------Updating Models------------
------------Updating Models------------
------------Saving Results------------
drift:  4 [11384, 11453, 11620, 22970]
average accuracy:  0.763747155955036
average fscore:  0.6355167603538726
average consistency:  0.0
total time:  1197.7620195280178
Experiment results saved to results/result_prodrift_re_5k.csv
event_log:prodrift_re_5k, discovery_algorithm:ILP, prediction_algorithm:Transformer, dynamic_update:True, update_strategy:finetune, apply_constraint:True, use_consistency:True, use_only_conflict_data:True, confidence_threshold:0.5, consistency_alpha:1.0, win_min:300, adwin_threshold:3.09
torch_device: cuda:1
------------Initialization------------
------------Online ActivityPrediction------------
------------Updating Models------------
------------Updating Models------------
------------Updating Models------------
------------Updating Models------------
------------Saving Results------------
drift:  4 [11412, 11467, 18046, 24933]
average accuracy:  0.7821743146133225
average fscore:  0.6886416965341869
average consistency:  0.0
total time:  1272.4899720410176
Experiment results saved to results/result_prodrift_re_5k.csv
