nohup: 忽略输入
Processing event log: prodrift_ROI_5k
event_log:prodrift_ROI_5k, discovery_algorithm:IND, prediction_algorithm:LSTM, dynamic_update:True, update_strategy:finetune, apply_constraint:True, use_consistency:True, use_only_conflict_data:True, confidence_threshold:0.5, consistency_alpha:0, win_min:300, adwin_threshold:0
torch_device: cuda:0
------------Initialization------------
------------Online ActivityPrediction------------
------------Updating Models------------
update activity num:  22  ->  23
------------Updating Models------------
------------Updating Models------------
------------Updating Models------------
------------Updating Models------------
------------Updating Models------------
------------Saving Results------------
drift:  6 [6365, 12251, 12258, 17259, 17351, 23912]
average accuracy:  0.8347185129793826
average fscore:  0.7305906224843277
average consistency:  0.0
total time:  602.988181658
Experiment results saved to results/result_prodrift_ROI_5k.csv
New best accuracy: 0.8347185129793826
event_log:prodrift_ROI_5k, discovery_algorithm:IND, prediction_algorithm:LSTM, dynamic_update:True, update_strategy:finetune, apply_constraint:True, use_consistency:True, use_only_conflict_data:True, confidence_threshold:0.5, consistency_alpha:0, win_min:300, adwin_threshold:0.674
torch_device: cuda:0
------------Initialization------------
------------Online ActivityPrediction------------
------------Updating Models------------
update activity num:  22  ->  23
------------Updating Models------------
------------Updating Models------------
------------Updating Models------------
------------Updating Models------------
------------Updating Models------------
------------Updating Models------------
------------Saving Results------------
drift:  7 [6541, 12302, 12326, 18330, 23790, 23921, 28954]
average accuracy:  0.811409037495994
average fscore:  0.730163437428691
average consistency:  0.0
total time:  645.3552127410001
Experiment results saved to results/result_prodrift_ROI_5k.csv
event_log:prodrift_ROI_5k, discovery_algorithm:IND, prediction_algorithm:LSTM, dynamic_update:True, update_strategy:finetune, apply_constraint:True, use_consistency:True, use_only_conflict_data:True, confidence_threshold:0.5, consistency_alpha:0, win_min:300, adwin_threshold:1.282
torch_device: cuda:0
------------Initialization------------
------------Online ActivityPrediction------------
------------Updating Models------------
update activity num:  22  ->  23
------------Updating Models------------
------------Saving Results------------
drift:  2 [6761, 12788]
average accuracy:  0.830958230958231
average fscore:  0.7106526514337097
average consistency:  0.0
total time:  558.1569167959999
Experiment results saved to results/result_prodrift_ROI_5k.csv
event_log:prodrift_ROI_5k, discovery_algorithm:IND, prediction_algorithm:LSTM, dynamic_update:True, update_strategy:finetune, apply_constraint:True, use_consistency:True, use_only_conflict_data:True, confidence_threshold:0.5, consistency_alpha:0, win_min:300, adwin_threshold:1.645
torch_device: cuda:0
------------Initialization------------
------------Online ActivityPrediction------------
------------Updating Models------------
update activity num:  22  ->  23
------------Updating Models------------
------------Updating Models------------
------------Updating Models------------
------------Saving Results------------
drift:  4 [7327, 13415, 20540, 26847]
average accuracy:  0.8025851938895417
average fscore:  0.7121709630122648
average consistency:  0.0
total time:  573.9223370269999
Experiment results saved to results/result_prodrift_ROI_5k.csv
event_log:prodrift_ROI_5k, discovery_algorithm:IND, prediction_algorithm:LSTM, dynamic_update:True, update_strategy:finetune, apply_constraint:True, use_consistency:True, use_only_conflict_data:True, confidence_threshold:0.5, consistency_alpha:0, win_min:300, adwin_threshold:2.326
torch_device: cuda:0
------------Initialization------------
------------Online ActivityPrediction------------
------------Saving Results------------
drift:  0 []
average accuracy:  0.7371648328170067
average fscore:  0.6374155391451808
average consistency:  0.0
total time:  516.7550133889999
Experiment results saved to results/result_prodrift_ROI_5k.csv
event_log:prodrift_ROI_5k, discovery_algorithm:IND, prediction_algorithm:LSTM, dynamic_update:True, update_strategy:finetune, apply_constraint:True, use_consistency:True, use_only_conflict_data:True, confidence_threshold:0.5, consistency_alpha:0, win_min:300, adwin_threshold:2.576
torch_device: cuda:0
------------Initialization------------
------------Online ActivityPrediction------------
------------Saving Results------------
drift:  0 []
average accuracy:  0.7371648328170067
average fscore:  0.6374155391451808
average consistency:  0.0
total time:  519.369202421
Experiment results saved to results/result_prodrift_ROI_5k.csv
event_log:prodrift_ROI_5k, discovery_algorithm:IND, prediction_algorithm:LSTM, dynamic_update:True, update_strategy:finetune, apply_constraint:True, use_consistency:True, use_only_conflict_data:True, confidence_threshold:0.5, consistency_alpha:0, win_min:300, adwin_threshold:3.09
torch_device: cuda:0
------------Initialization------------
------------Online ActivityPrediction------------
------------Saving Results------------
drift:  0 []
average accuracy:  0.7371648328170067
average fscore:  0.6374155391451808
average consistency:  0.0
total time:  509.0718335659999
Experiment results saved to results/result_prodrift_ROI_5k.csv
event_log:prodrift_ROI_5k, discovery_algorithm:IND, prediction_algorithm:LSTM, dynamic_update:True, update_strategy:finetune, apply_constraint:True, use_consistency:True, use_only_conflict_data:True, confidence_threshold:0.5, consistency_alpha:0.25, win_min:300, adwin_threshold:0
torch_device: cuda:0
------------Initialization------------
------------Online ActivityPrediction------------
------------Updating Models------------
update activity num:  22  ->  23
------------Updating Models------------
------------Updating Models------------
------------Updating Models------------
------------Updating Models------------
------------Updating Models------------
------------Updating Models------------
------------Updating Models------------
------------Updating Models------------
------------Updating Models------------
------------Updating Models------------
------------Updating Models------------
------------Updating Models------------
------------Updating Models------------
------------Updating Models------------
------------Updating Models------------
------------Updating Models------------
------------Updating Models------------
------------Updating Models------------
------------Updating Models------------
------------Updating Models------------
------------Updating Models------------
------------Updating Models------------
------------Updating Models------------
------------Updating Models------------
------------Updating Models------------
------------Updating Models------------
------------Updating Models------------
------------Updating Models------------
------------Updating Models------------
------------Updating Models------------
------------Updating Models------------
------------Updating Models------------
------------Updating Models------------
------------Updating Models------------
------------Updating Models------------
------------Updating Models------------
------------Updating Models------------
------------Updating Models------------
------------Updating Models------------
------------Updating Models------------
------------Updating Models------------
------------Updating Models------------
------------Updating Models------------
------------Updating Models------------
------------Updating Models------------
------------Updating Models------------
------------Updating Models------------
------------Updating Models------------
------------Updating Models------------
------------Updating Models------------
------------Updating Models------------
------------Updating Models------------
------------Updating Models------------
------------Updating Models------------
------------Updating Models------------
------------Updating Models------------
------------Updating Models------------
------------Updating Models------------
------------Updating Models------------
------------Updating Models------------
------------Updating Models------------
------------Saving Results------------
drift:  62 [6041, 12133, 12312, 12368, 12427, 12598, 12780, 12937, 13243, 13637, 13655, 13817, 14558, 14714, 15420, 15537, 15583, 15748, 15912, 17105, 17264, 23231, 23696, 28585, 28746, 34422, 34728, 36049, 36075, 36202, 39886, 39914, 39995, 40203, 40871, 41196, 41256, 41438, 45664, 45718, 46057, 46135, 46667, 46682, 46830, 46994, 48614, 48663, 48755, 48919, 50236, 50338, 50339, 50458, 51112, 51260, 51310, 51475, 51639, 52172, 52207, 52342]
average accuracy:  0.8477726738596304
average fscore:  0.758768575971961
average consistency:  0.0
total time:  680.300997239
Experiment results saved to results/result_prodrift_ROI_5k.csv
New best accuracy: 0.8477726738596304
event_log:prodrift_ROI_5k, discovery_algorithm:IND, prediction_algorithm:LSTM, dynamic_update:True, update_strategy:finetune, apply_constraint:True, use_consistency:True, use_only_conflict_data:True, confidence_threshold:0.5, consistency_alpha:0.25, win_min:300, adwin_threshold:0.674
torch_device: cuda:0
------------Initialization------------
------------Online ActivityPrediction------------
------------Updating Models------------
update activity num:  22  ->  23
------------Updating Models------------
------------Saving Results------------
drift:  2 [6533, 12299]
average accuracy:  0.830488195705587
average fscore:  0.709624018381694
average consistency:  0.0
total time:  527.8794041989995
Experiment results saved to results/result_prodrift_ROI_5k.csv
event_log:prodrift_ROI_5k, discovery_algorithm:IND, prediction_algorithm:LSTM, dynamic_update:True, update_strategy:finetune, apply_constraint:True, use_consistency:True, use_only_conflict_data:True, confidence_threshold:0.5, consistency_alpha:0.25, win_min:300, adwin_threshold:1.282
torch_device: cuda:0
------------Initialization------------
------------Online ActivityPrediction------------
------------Updating Models------------
update activity num:  22  ->  23
------------Updating Models------------
------------Saving Results------------
drift:  2 [6641, 12251]
average accuracy:  0.8299967952141866
average fscore:  0.7112673519071777
average consistency:  0.0
total time:  521.2112481570002
Experiment results saved to results/result_prodrift_ROI_5k.csv
event_log:prodrift_ROI_5k, discovery_algorithm:IND, prediction_algorithm:LSTM, dynamic_update:True, update_strategy:finetune, apply_constraint:True, use_consistency:True, use_only_conflict_data:True, confidence_threshold:0.5, consistency_alpha:0.25, win_min:300, adwin_threshold:1.645
torch_device: cuda:0
------------Initialization------------
------------Online ActivityPrediction------------
------------Updating Models------------
update activity num:  22  ->  23
------------Updating Models------------
------------Saving Results------------
drift:  2 [6713, 12217]
average accuracy:  0.831470996688388
average fscore:  0.7149492200996489
average consistency:  0.0
total time:  516.1008473080001
Experiment results saved to results/result_prodrift_ROI_5k.csv
event_log:prodrift_ROI_5k, discovery_algorithm:IND, prediction_algorithm:LSTM, dynamic_update:True, update_strategy:finetune, apply_constraint:True, use_consistency:True, use_only_conflict_data:True, confidence_threshold:0.5, consistency_alpha:0.25, win_min:300, adwin_threshold:2.326
torch_device: cuda:0
------------Initialization------------
------------Online ActivityPrediction------------
------------Updating Models------------
update activity num:  22  ->  23
------------Updating Models------------
------------Updating Models------------
------------Updating Models------------
------------Updating Models------------
------------Updating Models------------
------------Saving Results------------
drift:  6 [7345, 13630, 22491, 28168, 29460, 36637]
average accuracy:  0.8028202115158637
average fscore:  0.7175303584237593
average consistency:  0.0
total time:  596.083979989
Experiment results saved to results/result_prodrift_ROI_5k.csv
event_log:prodrift_ROI_5k, discovery_algorithm:IND, prediction_algorithm:LSTM, dynamic_update:True, update_strategy:finetune, apply_constraint:True, use_consistency:True, use_only_conflict_data:True, confidence_threshold:0.5, consistency_alpha:0.25, win_min:300, adwin_threshold:2.576
torch_device: cuda:0
------------Initialization------------
------------Online ActivityPrediction------------
------------Saving Results------------
drift:  0 []
average accuracy:  0.7371648328170067
average fscore:  0.6374155391451808
average consistency:  0.0
total time:  483.1267716909997
Experiment results saved to results/result_prodrift_ROI_5k.csv
event_log:prodrift_ROI_5k, discovery_algorithm:IND, prediction_algorithm:LSTM, dynamic_update:True, update_strategy:finetune, apply_constraint:True, use_consistency:True, use_only_conflict_data:True, confidence_threshold:0.5, consistency_alpha:0.25, win_min:300, adwin_threshold:3.09
torch_device: cuda:0
------------Initialization------------
------------Online ActivityPrediction------------
------------Saving Results------------
drift:  0 []
average accuracy:  0.7371648328170067
average fscore:  0.6374155391451808
average consistency:  0.0
total time:  493.6958234720005
Experiment results saved to results/result_prodrift_ROI_5k.csv
event_log:prodrift_ROI_5k, discovery_algorithm:IND, prediction_algorithm:LSTM, dynamic_update:True, update_strategy:finetune, apply_constraint:True, use_consistency:True, use_only_conflict_data:True, confidence_threshold:0.5, consistency_alpha:0.5, win_min:300, adwin_threshold:0
torch_device: cuda:0
------------Initialization------------
------------Online ActivityPrediction------------
------------Updating Models------------
update activity num:  22  ->  23
------------Updating Models------------
------------Updating Models------------
------------Updating Models------------
------------Updating Models------------
------------Updating Models------------
------------Updating Models------------
------------Updating Models------------
------------Updating Models------------
------------Updating Models------------
------------Updating Models------------
------------Updating Models------------
------------Updating Models------------
------------Updating Models------------
------------Updating Models------------
------------Updating Models------------
------------Updating Models------------
------------Updating Models------------
------------Updating Models------------
------------Updating Models------------
------------Updating Models------------
------------Updating Models------------
------------Updating Models------------
------------Updating Models------------
------------Updating Models------------
------------Updating Models------------
------------Updating Models------------
------------Updating Models------------
------------Updating Models------------
------------Updating Models------------
------------Updating Models------------
------------Updating Models------------
------------Updating Models------------
------------Updating Models------------
------------Updating Models------------
------------Updating Models------------
------------Updating Models------------
------------Updating Models------------
------------Updating Models------------
------------Updating Models------------
------------Updating Models------------
------------Updating Models------------
------------Updating Models------------
------------Updating Models------------
------------Updating Models------------
------------Updating Models------------
------------Updating Models------------
------------Updating Models------------
------------Updating Models------------
------------Updating Models------------
------------Updating Models------------
------------Updating Models------------
------------Updating Models------------
------------Updating Models------------
------------Updating Models------------
------------Updating Models------------
------------Updating Models------------
------------Updating Models------------
------------Updating Models------------
------------Updating Models------------
------------Updating Models------------
------------Updating Models------------
------------Saving Results------------
drift:  62 [6041, 12133, 12312, 12368, 12427, 12598, 12780, 12937, 13243, 13637, 13655, 13817, 14558, 14714, 15420, 15537, 15583, 15748, 15912, 17105, 17264, 23231, 23696, 28585, 28746, 34422, 34728, 36049, 36075, 36202, 39886, 39914, 39995, 40203, 40871, 41196, 41256, 41438, 45664, 45718, 46057, 46135, 46667, 46682, 46830, 46994, 48614, 48663, 48755, 48919, 50236, 50338, 50339, 50458, 51112, 51260, 51310, 51475, 51639, 52172, 52207, 52342]
average accuracy:  0.8477726738596304
average fscore:  0.758768575971961
average consistency:  0.0
total time:  676.4903735450007
Experiment results saved to results/result_prodrift_ROI_5k.csv
event_log:prodrift_ROI_5k, discovery_algorithm:IND, prediction_algorithm:LSTM, dynamic_update:True, update_strategy:finetune, apply_constraint:True, use_consistency:True, use_only_conflict_data:True, confidence_threshold:0.5, consistency_alpha:0.5, win_min:300, adwin_threshold:0.674
torch_device: cuda:0
------------Initialization------------
------------Online ActivityPrediction------------
------------Updating Models------------
update activity num:  22  ->  23
------------Updating Models------------
------------Saving Results------------
drift:  2 [6489, 12243]
average accuracy:  0.8323042409998932
average fscore:  0.7139438438998595
average consistency:  0.0
total time:  547.8972058629988
Experiment results saved to results/result_prodrift_ROI_5k.csv
event_log:prodrift_ROI_5k, discovery_algorithm:IND, prediction_algorithm:LSTM, dynamic_update:True, update_strategy:finetune, apply_constraint:True, use_consistency:True, use_only_conflict_data:True, confidence_threshold:0.5, consistency_alpha:0.5, win_min:300, adwin_threshold:1.282
torch_device: cuda:0
------------Initialization------------
------------Online ActivityPrediction------------
------------Updating Models------------
update activity num:  22  ->  23
------------Updating Models------------
------------Saving Results------------
drift:  2 [6639, 12274]
average accuracy:  0.830958230958231
average fscore:  0.7095913498277224
average consistency:  0.0
total time:  513.6173428860002
Experiment results saved to results/result_prodrift_ROI_5k.csv
event_log:prodrift_ROI_5k, discovery_algorithm:IND, prediction_algorithm:LSTM, dynamic_update:True, update_strategy:finetune, apply_constraint:True, use_consistency:True, use_only_conflict_data:True, confidence_threshold:0.5, consistency_alpha:0.5, win_min:300, adwin_threshold:1.645
torch_device: cuda:0
------------Initialization------------
------------Online ActivityPrediction------------
------------Updating Models------------
update activity num:  22  ->  23
------------Updating Models------------
------------Saving Results------------
drift:  2 [6688, 12170]
average accuracy:  0.8320905886123278
average fscore:  0.7237460574890651
average consistency:  0.0
total time:  518.0233357710003
Experiment results saved to results/result_prodrift_ROI_5k.csv
event_log:prodrift_ROI_5k, discovery_algorithm:IND, prediction_algorithm:LSTM, dynamic_update:True, update_strategy:finetune, apply_constraint:True, use_consistency:True, use_only_conflict_data:True, confidence_threshold:0.5, consistency_alpha:0.5, win_min:300, adwin_threshold:2.326
torch_device: cuda:0
------------Initialization------------
------------Online ActivityPrediction------------
------------Updating Models------------
update activity num:  22  ->  23
------------Updating Models------------
------------Saving Results------------
drift:  2 [6819, 13230]
average accuracy:  0.8292062813801945
average fscore:  0.7112128460629352
average consistency:  0.0
total time:  510.8046601649985
Experiment results saved to results/result_prodrift_ROI_5k.csv
event_log:prodrift_ROI_5k, discovery_algorithm:IND, prediction_algorithm:LSTM, dynamic_update:True, update_strategy:finetune, apply_constraint:True, use_consistency:True, use_only_conflict_data:True, confidence_threshold:0.5, consistency_alpha:0.5, win_min:300, adwin_threshold:2.576
torch_device: cuda:0
------------Initialization------------
------------Online ActivityPrediction------------
------------Updating Models------------
update activity num:  22  ->  23
------------Updating Models------------
------------Saving Results------------
drift:  2 [7194, 13760]
average accuracy:  0.8041234910800128
average fscore:  0.7121106638482186
average consistency:  0.0
total time:  506.71185885200066
Experiment results saved to results/result_prodrift_ROI_5k.csv
event_log:prodrift_ROI_5k, discovery_algorithm:IND, prediction_algorithm:LSTM, dynamic_update:True, update_strategy:finetune, apply_constraint:True, use_consistency:True, use_only_conflict_data:True, confidence_threshold:0.5, consistency_alpha:0.5, win_min:300, adwin_threshold:3.09
torch_device: cuda:0
------------Initialization------------
------------Online ActivityPrediction------------
------------Saving Results------------
drift:  0 []
average accuracy:  0.7371648328170067
average fscore:  0.6374155391451808
average consistency:  0.0
total time:  504.4366519209998
Experiment results saved to results/result_prodrift_ROI_5k.csv
event_log:prodrift_ROI_5k, discovery_algorithm:IND, prediction_algorithm:LSTM, dynamic_update:True, update_strategy:finetune, apply_constraint:True, use_consistency:True, use_only_conflict_data:True, confidence_threshold:0.5, consistency_alpha:0.75, win_min:300, adwin_threshold:0
torch_device: cuda:0
------------Initialization------------
------------Online ActivityPrediction------------
------------Updating Models------------
update activity num:  22  ->  23
------------Updating Models------------
------------Updating Models------------
------------Updating Models------------
------------Updating Models------------
------------Updating Models------------
------------Updating Models------------
------------Updating Models------------
------------Updating Models------------
------------Updating Models------------
------------Updating Models------------
------------Updating Models------------
------------Updating Models------------
------------Updating Models------------
------------Updating Models------------
------------Updating Models------------
------------Updating Models------------
------------Updating Models------------
------------Updating Models------------
------------Updating Models------------
------------Updating Models------------
------------Updating Models------------
------------Updating Models------------
------------Updating Models------------
------------Updating Models------------
------------Updating Models------------
------------Updating Models------------
------------Updating Models------------
------------Updating Models------------
------------Updating Models------------
------------Updating Models------------
------------Updating Models------------
------------Updating Models------------
------------Updating Models------------
------------Updating Models------------
------------Updating Models------------
------------Updating Models------------
------------Updating Models------------
------------Updating Models------------
------------Updating Models------------
------------Updating Models------------
------------Updating Models------------
------------Updating Models------------
------------Updating Models------------
------------Updating Models------------
------------Updating Models------------
------------Updating Models------------
------------Updating Models------------
------------Updating Models------------
------------Updating Models------------
------------Updating Models------------
------------Updating Models------------
------------Updating Models------------
------------Updating Models------------
------------Updating Models------------
------------Updating Models------------
------------Updating Models------------
------------Updating Models------------
------------Updating Models------------
------------Updating Models------------
------------Updating Models------------
------------Updating Models------------
------------Saving Results------------
drift:  62 [6041, 12133, 12312, 12368, 12427, 12598, 12780, 12937, 13243, 13637, 13655, 13817, 14558, 14714, 15420, 15537, 15583, 15748, 15912, 17105, 17264, 23231, 23696, 28585, 28746, 34422, 34728, 36049, 36075, 36202, 39886, 39914, 39995, 40203, 40871, 41196, 41256, 41438, 45664, 45718, 46057, 46135, 46667, 46682, 46830, 46994, 48614, 48663, 48755, 48919, 50236, 50338, 50339, 50458, 51112, 51260, 51310, 51475, 51639, 52172, 52207, 52342]
average accuracy:  0.8477726738596304
average fscore:  0.758768575971961
average consistency:  0.0
total time:  692.3379923479988
Experiment results saved to results/result_prodrift_ROI_5k.csv
event_log:prodrift_ROI_5k, discovery_algorithm:IND, prediction_algorithm:LSTM, dynamic_update:True, update_strategy:finetune, apply_constraint:True, use_consistency:True, use_only_conflict_data:True, confidence_threshold:0.5, consistency_alpha:0.75, win_min:300, adwin_threshold:0.674
torch_device: cuda:0
------------Initialization------------
------------Online ActivityPrediction------------
------------Updating Models------------
update activity num:  22  ->  23
------------Updating Models------------
------------Saving Results------------
drift:  2 [6065, 12256]
average accuracy:  0.8320905886123278
average fscore:  0.7138937441785209
average consistency:  0.0
total time:  519.1642499469999
Experiment results saved to results/result_prodrift_ROI_5k.csv
event_log:prodrift_ROI_5k, discovery_algorithm:IND, prediction_algorithm:LSTM, dynamic_update:True, update_strategy:finetune, apply_constraint:True, use_consistency:True, use_only_conflict_data:True, confidence_threshold:0.5, consistency_alpha:0.75, win_min:300, adwin_threshold:1.282
torch_device: cuda:0
------------Initialization------------
------------Online ActivityPrediction------------
------------Updating Models------------
update activity num:  22  ->  23
------------Updating Models------------
------------Saving Results------------
drift:  2 [6642, 12797]
average accuracy:  0.8294199337677599
average fscore:  0.6939531328658006
average consistency:  0.0
total time:  520.4361604490005
Experiment results saved to results/result_prodrift_ROI_5k.csv
event_log:prodrift_ROI_5k, discovery_algorithm:IND, prediction_algorithm:LSTM, dynamic_update:True, update_strategy:finetune, apply_constraint:True, use_consistency:True, use_only_conflict_data:True, confidence_threshold:0.5, consistency_alpha:0.75, win_min:300, adwin_threshold:1.645
torch_device: cuda:0
------------Initialization------------
------------Online ActivityPrediction------------
------------Updating Models------------
update activity num:  22  ->  23
------------Updating Models------------
------------Saving Results------------
drift:  2 [6688, 13072]
average accuracy:  0.8305950218993697
average fscore:  0.7162626184353535
average consistency:  0.0
total time:  522.0223660200008
Experiment results saved to results/result_prodrift_ROI_5k.csv
event_log:prodrift_ROI_5k, discovery_algorithm:IND, prediction_algorithm:LSTM, dynamic_update:True, update_strategy:finetune, apply_constraint:True, use_consistency:True, use_only_conflict_data:True, confidence_threshold:0.5, consistency_alpha:0.75, win_min:300, adwin_threshold:2.326
torch_device: cuda:0
------------Initialization------------
------------Online ActivityPrediction------------
------------Updating Models------------
update activity num:  22  ->  23
------------Updating Models------------
------------Updating Models------------
------------Saving Results------------
drift:  3 [6819, 14298, 19716]
average accuracy:  0.8216857173378912
average fscore:  0.7110788535905456
average consistency:  0.0
total time:  527.4523335899994
Experiment results saved to results/result_prodrift_ROI_5k.csv
event_log:prodrift_ROI_5k, discovery_algorithm:IND, prediction_algorithm:LSTM, dynamic_update:True, update_strategy:finetune, apply_constraint:True, use_consistency:True, use_only_conflict_data:True, confidence_threshold:0.5, consistency_alpha:0.75, win_min:300, adwin_threshold:2.576
torch_device: cuda:0
------------Initialization------------
------------Online ActivityPrediction------------
------------Updating Models------------
update activity num:  22  ->  23
------------Updating Models------------
------------Updating Models------------
------------Saving Results------------
drift:  3 [7195, 15174, 21726]
average accuracy:  0.8138019442367268
average fscore:  0.714599375475508
average consistency:  0.0
total time:  533.8898100289989
Experiment results saved to results/result_prodrift_ROI_5k.csv
event_log:prodrift_ROI_5k, discovery_algorithm:IND, prediction_algorithm:LSTM, dynamic_update:True, update_strategy:finetune, apply_constraint:True, use_consistency:True, use_only_conflict_data:True, confidence_threshold:0.5, consistency_alpha:0.75, win_min:300, adwin_threshold:3.09
torch_device: cuda:0
------------Initialization------------
------------Online ActivityPrediction------------
------------Saving Results------------
drift:  0 []
average accuracy:  0.7371648328170067
average fscore:  0.6374155391451808
average consistency:  0.0
total time:  510.6970402530005
Experiment results saved to results/result_prodrift_ROI_5k.csv
event_log:prodrift_ROI_5k, discovery_algorithm:IND, prediction_algorithm:LSTM, dynamic_update:True, update_strategy:finetune, apply_constraint:True, use_consistency:True, use_only_conflict_data:True, confidence_threshold:0.5, consistency_alpha:1.0, win_min:300, adwin_threshold:0
torch_device: cuda:0
------------Initialization------------
------------Online ActivityPrediction------------
------------Updating Models------------
update activity num:  22  ->  23
------------Saving Results------------
drift:  1 [6041]
average accuracy:  0.8313428052558487
average fscore:  0.7025703999625202
average consistency:  0.0
total time:  486.4037362049985
Experiment results saved to results/result_prodrift_ROI_5k.csv
event_log:prodrift_ROI_5k, discovery_algorithm:IND, prediction_algorithm:LSTM, dynamic_update:True, update_strategy:finetune, apply_constraint:True, use_consistency:True, use_only_conflict_data:True, confidence_threshold:0.5, consistency_alpha:1.0, win_min:300, adwin_threshold:0.674
torch_device: cuda:0
------------Initialization------------
------------Online ActivityPrediction------------
------------Updating Models------------
update activity num:  22  ->  23
------------Saving Results------------
drift:  1 [6065]
average accuracy:  0.8309795961969875
average fscore:  0.708844529824744
average consistency:  0.0
total time:  509.4357765879995
Experiment results saved to results/result_prodrift_ROI_5k.csv
event_log:prodrift_ROI_5k, discovery_algorithm:IND, prediction_algorithm:LSTM, dynamic_update:True, update_strategy:finetune, apply_constraint:True, use_consistency:True, use_only_conflict_data:True, confidence_threshold:0.5, consistency_alpha:1.0, win_min:300, adwin_threshold:1.282
torch_device: cuda:0
------------Initialization------------
------------Online ActivityPrediction------------
------------Updating Models------------
update activity num:  22  ->  23
------------Saving Results------------
drift:  1 [6673]
average accuracy:  0.8323469714774062
average fscore:  0.7232402339569857
average consistency:  0.0
total time:  505.9745732150004
Experiment results saved to results/result_prodrift_ROI_5k.csv
event_log:prodrift_ROI_5k, discovery_algorithm:IND, prediction_algorithm:LSTM, dynamic_update:True, update_strategy:finetune, apply_constraint:True, use_consistency:True, use_only_conflict_data:True, confidence_threshold:0.5, consistency_alpha:1.0, win_min:300, adwin_threshold:1.645
torch_device: cuda:0
------------Initialization------------
------------Online ActivityPrediction------------
------------Updating Models------------
update activity num:  22  ->  23
------------Saving Results------------
drift:  1 [6711]
average accuracy:  0.8323683367161628
average fscore:  0.7234415727855165
average consistency:  0.0
total time:  513.5102699320014
Experiment results saved to results/result_prodrift_ROI_5k.csv
event_log:prodrift_ROI_5k, discovery_algorithm:IND, prediction_algorithm:LSTM, dynamic_update:True, update_strategy:finetune, apply_constraint:True, use_consistency:True, use_only_conflict_data:True, confidence_threshold:0.5, consistency_alpha:1.0, win_min:300, adwin_threshold:2.326/home/inspur/anaconda3/envs/coap/lib/python3.12/site-packages/torch/nn/modules/transformer.py:508: UserWarning: The PyTorch API of nested tensors is in prototype stage and will change in the near future. We recommend specifying layout=torch.jagged when constructing a nested tensor, as this layout receives active development, has better operator coverage, and works with torch.compile. (Triggered internally at /pytorch/aten/src/ATen/NestedTensorImpl.cpp:178.)
  output = torch._nested_tensor_from_mask(

torch_device: cuda:0
------------Initialization------------
------------Online ActivityPrediction------------
------------Saving Results------------
drift:  0 []
average accuracy:  0.7371648328170067
average fscore:  0.6374155391451808
average consistency:  0.0
total time:  532.4321854439986
Experiment results saved to results/result_prodrift_ROI_5k.csv
event_log:prodrift_ROI_5k, discovery_algorithm:IND, prediction_algorithm:LSTM, dynamic_update:True, update_strategy:finetune, apply_constraint:True, use_consistency:True, use_only_conflict_data:True, confidence_threshold:0.5, consistency_alpha:1.0, win_min:300, adwin_threshold:2.576
torch_device: cuda:0
------------Initialization------------
------------Online ActivityPrediction------------
------------Saving Results------------
drift:  0 []
average accuracy:  0.7371648328170067
average fscore:  0.6374155391451808
average consistency:  0.0
total time:  525.5171039460001
Experiment results saved to results/result_prodrift_ROI_5k.csv
event_log:prodrift_ROI_5k, discovery_algorithm:IND, prediction_algorithm:LSTM, dynamic_update:True, update_strategy:finetune, apply_constraint:True, use_consistency:True, use_only_conflict_data:True, confidence_threshold:0.5, consistency_alpha:1.0, win_min:300, adwin_threshold:3.09
torch_device: cuda:0
------------Initialization------------
------------Online ActivityPrediction------------
------------Saving Results------------
drift:  0 []
average accuracy:  0.7371648328170067
average fscore:  0.6374155391451808
average consistency:  0.0
total time:  514.5249945639989
Experiment results saved to results/result_prodrift_ROI_5k.csv
event_log:prodrift_ROI_5k, discovery_algorithm:IND, prediction_algorithm:Transformer, dynamic_update:True, update_strategy:finetune, apply_constraint:True, use_consistency:True, use_only_conflict_data:True, confidence_threshold:0.5, consistency_alpha:0, win_min:300, adwin_threshold:0
torch_device: cuda:0
------------Initialization------------
------------Online ActivityPrediction------------
------------Updating Models------------
update activity num:  22  ->  23
------------Updating Models------------
------------Saving Results------------
drift:  2 [6138, 12442]
average accuracy:  0.8267279136844354
average fscore:  0.6948884651982971
average consistency:  0.0
total time:  853.9887989960007
Experiment results saved to results/result_prodrift_ROI_5k.csv
event_log:prodrift_ROI_5k, discovery_algorithm:IND, prediction_algorithm:Transformer, dynamic_update:True, update_strategy:finetune, apply_constraint:True, use_consistency:True, use_only_conflict_data:True, confidence_threshold:0.5, consistency_alpha:0, win_min:300, adwin_threshold:0.674
torch_device: cuda:0
------------Initialization------------
------------Online ActivityPrediction------------
------------Updating Models------------
update activity num:  22  ->  23
------------Updating Models------------
------------Saving Results------------
drift:  2 [6146, 12406]
average accuracy:  0.8311718833457964
average fscore:  0.6941905808340076
average consistency:  0.0
total time:  848.5862237389993
Experiment results saved to results/result_prodrift_ROI_5k.csv
event_log:prodrift_ROI_5k, discovery_algorithm:IND, prediction_algorithm:Transformer, dynamic_update:True, update_strategy:finetune, apply_constraint:True, use_consistency:True, use_only_conflict_data:True, confidence_threshold:0.5, consistency_alpha:0, win_min:300, adwin_threshold:1.282
torch_device: cuda:0
------------Initialization------------
------------Online ActivityPrediction------------
------------Updating Models------------
update activity num:  22  ->  23
------------Updating Models------------
------------Saving Results------------
drift:  2 [6813, 13328]
average accuracy:  0.8280952889648542
average fscore:  0.6994492976881087
average consistency:  0.0
total time:  850.678911433999
Experiment results saved to results/result_prodrift_ROI_5k.csv
event_log:prodrift_ROI_5k, discovery_algorithm:IND, prediction_algorithm:Transformer, dynamic_update:True, update_strategy:finetune, apply_constraint:True, use_consistency:True, use_only_conflict_data:True, confidence_threshold:0.5, consistency_alpha:0, win_min:300, adwin_threshold:1.645
torch_device: cuda:0
------------Initialization------------
------------Online ActivityPrediction------------
------------Updating Models------------
update activity num:  22  ->  23
------------Updating Models------------
------------Saving Results------------
drift:  2 [6829, 13339]
average accuracy:  0.8285866894562547
average fscore:  0.7049200654364598
average consistency:  0.0
total time:  861.5624756340003
Experiment results saved to results/result_prodrift_ROI_5k.csv
event_log:prodrift_ROI_5k, discovery_algorithm:IND, prediction_algorithm:Transformer, dynamic_update:True, update_strategy:finetune, apply_constraint:True, use_consistency:True, use_only_conflict_data:True, confidence_threshold:0.5, consistency_alpha:0, win_min:300, adwin_threshold:2.326
torch_device: cuda:0
------------Initialization------------
------------Online ActivityPrediction------------
------------Saving Results------------
drift:  0 []
average accuracy:  0.6940925114838158
average fscore:  0.5997540775244626
average consistency:  0.0
total time:  1021.8333809899996
Experiment results saved to results/result_prodrift_ROI_5k.csv
event_log:prodrift_ROI_5k, discovery_algorithm:IND, prediction_algorithm:Transformer, dynamic_update:True, update_strategy:finetune, apply_constraint:True, use_consistency:True, use_only_conflict_data:True, confidence_threshold:0.5, consistency_alpha:0, win_min:300, adwin_threshold:2.576
torch_device: cuda:0
------------Initialization------------
------------Online ActivityPrediction------------
------------Saving Results------------
drift:  0 []
average accuracy:  0.6940925114838158
average fscore:  0.5997540775244626
average consistency:  0.0
total time:  1006.5350354779985
Experiment results saved to results/result_prodrift_ROI_5k.csv
event_log:prodrift_ROI_5k, discovery_algorithm:IND, prediction_algorithm:Transformer, dynamic_update:True, update_strategy:finetune, apply_constraint:True, use_consistency:True, use_only_conflict_data:True, confidence_threshold:0.5, consistency_alpha:0, win_min:300, adwin_threshold:3.09
torch_device: cuda:0
------------Initialization------------
------------Online ActivityPrediction------------
------------Saving Results------------
drift:  0 []
average accuracy:  0.6940925114838158
average fscore:  0.5997540775244626
average consistency:  0.0
total time:  934.1025660989981
Experiment results saved to results/result_prodrift_ROI_5k.csv
event_log:prodrift_ROI_5k, discovery_algorithm:IND, prediction_algorithm:Transformer, dynamic_update:True, update_strategy:finetune, apply_constraint:True, use_consistency:True, use_only_conflict_data:True, confidence_threshold:0.5, consistency_alpha:0.25, win_min:300, adwin_threshold:0
torch_device: cuda:0
------------Initialization------------
------------Online ActivityPrediction------------
------------Updating Models------------
update activity num:  22  ->  23
------------Updating Models------------
------------Saving Results------------
drift:  2 [6041, 12312]
average accuracy:  0.8318555709860058
average fscore:  0.7091964932173431
average consistency:  0.0
total time:  863.4202698129993
Experiment results saved to results/result_prodrift_ROI_5k.csv
event_log:prodrift_ROI_5k, discovery_algorithm:IND, prediction_algorithm:Transformer, dynamic_update:True, update_strategy:finetune, apply_constraint:True, use_consistency:True, use_only_conflict_data:True, confidence_threshold:0.5, consistency_alpha:0.25, win_min:300, adwin_threshold:0.674
torch_device: cuda:0
------------Initialization------------
------------Online ActivityPrediction------------
------------Updating Models------------
update activity num:  22  ->  23
------------Updating Models------------
------------Saving Results------------
drift:  2 [6141, 12404]
average accuracy:  0.8313214400170922
average fscore:  0.6963099044528955
average consistency:  0.0
total time:  877.780399528001
Experiment results saved to results/result_prodrift_ROI_5k.csv
event_log:prodrift_ROI_5k, discovery_algorithm:IND, prediction_algorithm:Transformer, dynamic_update:True, update_strategy:finetune, apply_constraint:True, use_consistency:True, use_only_conflict_data:True, confidence_threshold:0.5, consistency_alpha:0.25, win_min:300, adwin_threshold:1.282
torch_device: cuda:0
------------Initialization------------
------------Online ActivityPrediction------------
------------Updating Models------------
update activity num:  22  ->  23
------------Updating Models------------
------------Updating Models------------
------------Updating Models------------
------------Updating Models------------
------------Saving Results------------
drift:  5 [6690, 12307, 28344, 28667, 36978]
average accuracy:  0.8294412990065164
average fscore:  0.7171432527589701
average consistency:  0.0
total time:  1022.2201383739994
Experiment results saved to results/result_prodrift_ROI_5k.csv
event_log:prodrift_ROI_5k, discovery_algorithm:IND, prediction_algorithm:Transformer, dynamic_update:True, update_strategy:finetune, apply_constraint:True, use_consistency:True, use_only_conflict_data:True, confidence_threshold:0.5, consistency_alpha:0.25, win_min:300, adwin_threshold:1.645
torch_device: cuda:0
------------Initialization------------
------------Online ActivityPrediction------------
------------Updating Models------------
update activity num:  22  ->  23
------------Updating Models------------
------------Updating Models------------
------------Updating Models------------
------------Updating Models------------
------------Updating Models------------
------------Saving Results------------
drift:  6 [6711, 6712, 14066, 28377, 28787, 35250]
average accuracy:  0.8205319944450379
average fscore:  0.7115036645329436
average consistency:  0.0
total time:  1069.1218482270015
Experiment results saved to results/result_prodrift_ROI_5k.csv
event_log:prodrift_ROI_5k, discovery_algorithm:IND, prediction_algorithm:Transformer, dynamic_update:True, update_strategy:finetune, apply_constraint:True, use_consistency:True, use_only_conflict_data:True, confidence_threshold:0.5, consistency_alpha:0.25, win_min:300, adwin_threshold:2.326
torch_device: cuda:0
------------Initialization------------
------------Online ActivityPrediction------------
------------Saving Results------------
drift:  0 []
average accuracy:  0.6940925114838158
average fscore:  0.5997540775244626
average consistency:  0.0
total time:  895.4913158770032
Experiment results saved to results/result_prodrift_ROI_5k.csv
event_log:prodrift_ROI_5k, discovery_algorithm:IND, prediction_algorithm:Transformer, dynamic_update:True, update_strategy:finetune, apply_constraint:True, use_consistency:True, use_only_conflict_data:True, confidence_threshold:0.5, consistency_alpha:0.25, win_min:300, adwin_threshold:2.576
torch_device: cuda:0
------------Initialization------------
------------Online ActivityPrediction------------
------------Saving Results------------
drift:  0 []
average accuracy:  0.6940925114838158
average fscore:  0.5997540775244626
average consistency:  0.0
total time:  848.8032594319993
Experiment results saved to results/result_prodrift_ROI_5k.csv
event_log:prodrift_ROI_5k, discovery_algorithm:IND, prediction_algorithm:Transformer, dynamic_update:True, update_strategy:finetune, apply_constraint:True, use_consistency:True, use_only_conflict_data:True, confidence_threshold:0.5, consistency_alpha:0.25, win_min:300, adwin_threshold:3.09
torch_device: cuda:0
------------Initialization------------
------------Online ActivityPrediction------------
------------Saving Results------------
drift:  0 []
average accuracy:  0.6940925114838158
average fscore:  0.5997540775244626
average consistency:  0.0
total time:  830.5783552749999
Experiment results saved to results/result_prodrift_ROI_5k.csv
event_log:prodrift_ROI_5k, discovery_algorithm:IND, prediction_algorithm:Transformer, dynamic_update:True, update_strategy:finetune, apply_constraint:True, use_consistency:True, use_only_conflict_data:True, confidence_threshold:0.5, consistency_alpha:0.5, win_min:300, adwin_threshold:0
torch_device: cuda:0
------------Initialization------------
------------Online ActivityPrediction------------
------------Updating Models------------
update activity num:  22  ->  23
------------Updating Models------------
------------Saving Results------------
drift:  2 [6041, 12312]
average accuracy:  0.8318555709860058
average fscore:  0.7091964932173431
average consistency:  0.0
total time:  865.0713823400001
Experiment results saved to results/result_prodrift_ROI_5k.csv
event_log:prodrift_ROI_5k, discovery_algorithm:IND, prediction_algorithm:Transformer, dynamic_update:True, update_strategy:finetune, apply_constraint:True, use_consistency:True, use_only_conflict_data:True, confidence_threshold:0.5, consistency_alpha:0.5, win_min:300, adwin_threshold:0.674
torch_device: cuda:0
------------Initialization------------
------------Online ActivityPrediction------------
------------Updating Models------------
update activity num:  22  ->  23
------------Updating Models------------
------------Saving Results------------
drift:  2 [6140, 12348]
average accuracy:  0.8320264928960581
average fscore:  0.6991937890665665
average consistency:  0.0
total time:  909.3270947010024
Experiment results saved to results/result_prodrift_ROI_5k.csv
event_log:prodrift_ROI_5k, discovery_algorithm:IND, prediction_algorithm:Transformer, dynamic_update:True, update_strategy:finetune, apply_constraint:True, use_consistency:True, use_only_conflict_data:True, confidence_threshold:0.5, consistency_alpha:0.5, win_min:300, adwin_threshold:1.282
torch_device: cuda:0
------------Initialization------------
------------Online ActivityPrediction------------
------------Updating Models------------
update activity num:  22  ->  23
------------Updating Models------------
------------Saving Results------------
drift:  2 [6672, 12462]
average accuracy:  0.829227646618951
average fscore:  0.6988414527835597
average consistency:  0.0
total time:  964.4290959110003
Experiment results saved to results/result_prodrift_ROI_5k.csv
event_log:prodrift_ROI_5k, discovery_algorithm:IND, prediction_algorithm:Transformer, dynamic_update:True, update_strategy:finetune, apply_constraint:True, use_consistency:True, use_only_conflict_data:True, confidence_threshold:0.5, consistency_alpha:0.5, win_min:300, adwin_threshold:1.645
torch_device: cuda:0
------------Initialization------------
------------Online ActivityPrediction------------
------------Updating Models------------
update activity num:  22  ->  23
------------Updating Models------------
------------Updating Models------------
------------Updating Models------------
------------Updating Models------------
------------Saving Results------------
drift:  5 [6690, 12634, 12663, 12759, 17279]
average accuracy:  0.8059609016130755
average fscore:  0.7075398128339236
average consistency:  0.0
total time:  946.3172032840012
Experiment results saved to results/result_prodrift_ROI_5k.csv
event_log:prodrift_ROI_5k, discovery_algorithm:IND, prediction_algorithm:Transformer, dynamic_update:True, update_strategy:finetune, apply_constraint:True, use_consistency:True, use_only_conflict_data:True, confidence_threshold:0.5, consistency_alpha:0.5, win_min:300, adwin_threshold:2.326
torch_device: cuda:0
------------Initialization------------
------------Online ActivityPrediction------------
------------Updating Models------------
update activity num:  22  ->  23
------------Updating Models------------
------------Saving Results------------
drift:  2 [6816, 13759]
average accuracy:  0.8284371327849589
average fscore:  0.705310289531989
average consistency:  0.0
total time:  900.6224642870002
Experiment results saved to results/result_prodrift_ROI_5k.csv
event_log:prodrift_ROI_5k, discovery_algorithm:IND, prediction_algorithm:Transformer, dynamic_update:True, update_strategy:finetune, apply_constraint:True, use_consistency:True, use_only_conflict_data:True, confidence_threshold:0.5, consistency_alpha:0.5, win_min:300, adwin_threshold:2.576
torch_device: cuda:0
------------Initialization------------
------------Online ActivityPrediction------------
------------Updating Models------------
update activity num:  22  ->  23
------------Updating Models------------
------------Saving Results------------
drift:  2 [6822, 13846]
average accuracy:  0.8287362461275505
average fscore:  0.693744220312836
average consistency:  0.0
total time:  871.4627099899953
Experiment results saved to results/result_prodrift_ROI_5k.csv
event_log:prodrift_ROI_5k, discovery_algorithm:IND, prediction_algorithm:Transformer, dynamic_update:True, update_strategy:finetune, apply_constraint:True, use_consistency:True, use_only_conflict_data:True, confidence_threshold:0.5, consistency_alpha:0.5, win_min:300, adwin_threshold:3.09
torch_device: cuda:0
------------Initialization------------
------------Online ActivityPrediction------------
------------Saving Results------------
drift:  0 []
average accuracy:  0.6940925114838158
average fscore:  0.5997540775244626
average consistency:  0.0
total time:  834.4806980770009
Experiment results saved to results/result_prodrift_ROI_5k.csv
event_log:prodrift_ROI_5k, discovery_algorithm:IND, prediction_algorithm:Transformer, dynamic_update:True, update_strategy:finetune, apply_constraint:True, use_consistency:True, use_only_conflict_data:True, confidence_threshold:0.5, consistency_alpha:0.75, win_min:300, adwin_threshold:0
torch_device: cuda:0
------------Initialization------------
------------Online ActivityPrediction------------
------------Updating Models------------
update activity num:  22  ->  23
------------Updating Models------------
------------Saving Results------------
drift:  2 [6041, 12312]
average accuracy:  0.8318555709860058
average fscore:  0.7091964932173431
average consistency:  0.0
total time:  865.9622481070037
Experiment results saved to results/result_prodrift_ROI_5k.csv
event_log:prodrift_ROI_5k, discovery_algorithm:IND, prediction_algorithm:Transformer, dynamic_update:True, update_strategy:finetune, apply_constraint:True, use_consistency:True, use_only_conflict_data:True, confidence_threshold:0.5, consistency_alpha:0.75, win_min:300, adwin_threshold:0.674
torch_device: cuda:0
------------Initialization------------
------------Online ActivityPrediction------------
------------Updating Models------------
update activity num:  22  ->  23
------------Updating Models------------
------------Saving Results------------
drift:  2 [6065, 12491]
average accuracy:  0.8340134601004167
average fscore:  0.7206304464926037
average consistency:  0.0
total time:  899.5407641089987
Experiment results saved to results/result_prodrift_ROI_5k.csv
event_log:prodrift_ROI_5k, discovery_algorithm:IND, prediction_algorithm:Transformer, dynamic_update:True, update_strategy:finetune, apply_constraint:True, use_consistency:True, use_only_conflict_data:True, confidence_threshold:0.5, consistency_alpha:0.75, win_min:300, adwin_threshold:1.282
torch_device: cuda:0
------------Initialization------------
------------Online ActivityPrediction------------
------------Updating Models------------
update activity num:  22  ->  23
------------Updating Models------------
------------Saving Results------------
drift:  2 [6672, 13072]
average accuracy:  0.8298045080653776
average fscore:  0.7047363592266127
average consistency:  0.0
total time:  951.1246002560001
Experiment results saved to results/result_prodrift_ROI_5k.csv
event_log:prodrift_ROI_5k, discovery_algorithm:IND, prediction_algorithm:Transformer, dynamic_update:True, update_strategy:finetune, apply_constraint:True, use_consistency:True, use_only_conflict_data:True, confidence_threshold:0.5, consistency_alpha:0.75, win_min:300, adwin_threshold:1.645
torch_device: cuda:0
------------Initialization------------
------------Online ActivityPrediction------------
------------Updating Models------------
update activity num:  22  ->  23
------------Updating Models------------
------------Saving Results------------
drift:  2 [6690, 13305]
average accuracy:  0.828757611366307
average fscore:  0.7055210722295787
average consistency:  0.0
total time:  876.2162328490012
Experiment results saved to results/result_prodrift_ROI_5k.csv
event_log:prodrift_ROI_5k, discovery_algorithm:IND, prediction_algorithm:Transformer, dynamic_update:True, update_strategy:finetune, apply_constraint:True, use_consistency:True, use_only_conflict_data:True, confidence_threshold:0.5, consistency_alpha:0.75, win_min:300, adwin_threshold:2.326
torch_device: cuda:0
------------Initialization------------
------------Online ActivityPrediction------------
------------Updating Models------------
update activity num:  22  ->  23
------------Updating Models------------
------------Updating Models------------
------------Saving Results------------
drift:  3 [6819, 14952, 20736]
average accuracy:  0.8182031834205747
average fscore:  0.7051438206301562
average consistency:  0.0
total time:  922.4877925969995
Experiment results saved to results/result_prodrift_ROI_5k.csv
event_log:prodrift_ROI_5k, discovery_algorithm:IND, prediction_algorithm:Transformer, dynamic_update:True, update_strategy:finetune, apply_constraint:True, use_consistency:True, use_only_conflict_data:True, confidence_threshold:0.5, consistency_alpha:0.75, win_min:300, adwin_threshold:2.576
torch_device: cuda:0
------------Initialization------------
------------Online ActivityPrediction------------
------------Updating Models------------
update activity num:  22  ->  23
------------Updating Models------------
------------Saving Results------------
drift:  2 [6825, 15248]
average accuracy:  0.8039525691699605
average fscore:  0.6799166907221421
average consistency:  0.0
total time:  886.6834494040013
Experiment results saved to results/result_prodrift_ROI_5k.csv
event_log:prodrift_ROI_5k, discovery_algorithm:IND, prediction_algorithm:Transformer, dynamic_update:True, update_strategy:finetune, apply_constraint:True, use_consistency:True, use_only_conflict_data:True, confidence_threshold:0.5, consistency_alpha:0.75, win_min:300, adwin_threshold:3.09
torch_device: cuda:0
------------Initialization------------
------------Online ActivityPrediction------------
------------Saving Results------------
drift:  0 []
average accuracy:  0.6940925114838158
average fscore:  0.5997540775244626
average consistency:  0.0
total time:  829.8985862300033
Experiment results saved to results/result_prodrift_ROI_5k.csv
event_log:prodrift_ROI_5k, discovery_algorithm:IND, prediction_algorithm:Transformer, dynamic_update:True, update_strategy:finetune, apply_constraint:True, use_consistency:True, use_only_conflict_data:True, confidence_threshold:0.5, consistency_alpha:1.0, win_min:300, adwin_threshold:0
torch_device: cuda:0
------------Initialization------------
------------Online ActivityPrediction------------
------------Updating Models------------
update activity num:  22  ->  23
------------Saving Results------------
drift:  1 [6041]
average accuracy:  0.8316632838371969
average fscore:  0.6864173453238976
average consistency:  0.0
total time:  844.3679418899992
Experiment results saved to results/result_prodrift_ROI_5k.csv
event_log:prodrift_ROI_5k, discovery_algorithm:IND, prediction_algorithm:Transformer, dynamic_update:True, update_strategy:finetune, apply_constraint:True, use_consistency:True, use_only_conflict_data:True, confidence_threshold:0.5, consistency_alpha:1.0, win_min:300, adwin_threshold:0.674
torch_device: cuda:0
------------Initialization------------
------------Online ActivityPrediction------------
------------Updating Models------------
update activity num:  22  ->  23
------------Saving Results------------
drift:  1 [6065]
average accuracy:  0.8320478581348146
average fscore:  0.6770707502751045
average consistency:  0.0
total time:  926.5865609550019
Experiment results saved to results/result_prodrift_ROI_5k.csv
event_log:prodrift_ROI_5k, discovery_algorithm:IND, prediction_algorithm:Transformer, dynamic_update:True, update_strategy:finetune, apply_constraint:True, use_consistency:True, use_only_conflict_data:True, confidence_threshold:0.5, consistency_alpha:1.0, win_min:300, adwin_threshold:1.282
torch_device: cuda:0
------------Initialization------------
------------Online ActivityPrediction------------
------------Updating Models------------
update activity num:  22  ->  23
------------Saving Results------------
drift:  1 [6673]
average accuracy:  0.8294412990065164
average fscore:  0.6931794101395694
average consistency:  0.0
total time:  880.7547516769991
Experiment results saved to results/result_prodrift_ROI_5k.csv
event_log:prodrift_ROI_5k, discovery_algorithm:IND, prediction_algorithm:Transformer, dynamic_update:True, update_strategy:finetune, apply_constraint:True, use_consistency:True, use_only_conflict_data:True, confidence_threshold:0.5, consistency_alpha:1.0, win_min:300, adwin_threshold:1.645
torch_device: cuda:0
------------Initialization------------
------------Online ActivityPrediction------------
------------Updating Models------------
update activity num:  22  ->  23
------------Saving Results------------
drift:  1 [6711]
average accuracy:  0.8310009614357441
average fscore:  0.6975600709337776
average consistency:  0.0
total time:  850.378034059002
Experiment results saved to results/result_prodrift_ROI_5k.csv
event_log:prodrift_ROI_5k, discovery_algorithm:IND, prediction_algorithm:Transformer, dynamic_update:True, update_strategy:finetune, apply_constraint:True, use_consistency:True, use_only_conflict_data:True, confidence_threshold:0.5, consistency_alpha:1.0, win_min:300, adwin_threshold:2.326
torch_device: cuda:0
------------Initialization------------
------------Online ActivityPrediction------------
------------Saving Results------------
drift:  0 []
average accuracy:  0.6940925114838158
average fscore:  0.5997540775244626
average consistency:  0.0
total time:  855.7707471029935
Experiment results saved to results/result_prodrift_ROI_5k.csv
event_log:prodrift_ROI_5k, discovery_algorithm:IND, prediction_algorithm:Transformer, dynamic_update:True, update_strategy:finetune, apply_constraint:True, use_consistency:True, use_only_conflict_data:True, confidence_threshold:0.5, consistency_alpha:1.0, win_min:300, adwin_threshold:2.576
torch_device: cuda:0
------------Initialization------------
------------Online ActivityPrediction------------
------------Saving Results------------
drift:  0 []
average accuracy:  0.6940925114838158
average fscore:  0.5997540775244626
average consistency:  0.0
total time:  833.849036390995
Experiment results saved to results/result_prodrift_ROI_5k.csv
event_log:prodrift_ROI_5k, discovery_algorithm:IND, prediction_algorithm:Transformer, dynamic_update:True, update_strategy:finetune, apply_constraint:True, use_consistency:True, use_only_conflict_data:True, confidence_threshold:0.5, consistency_alpha:1.0, win_min:300, adwin_threshold:3.09
torch_device: cuda:0
------------Initialization------------
------------Online ActivityPrediction------------
------------Saving Results------------
drift:  0 []
average accuracy:  0.6940925114838158
average fscore:  0.5997540775244626
average consistency:  0.0
total time:  831.253171297998
Experiment results saved to results/result_prodrift_ROI_5k.csv
event_log:prodrift_ROI_5k, discovery_algorithm:ILP, prediction_algorithm:LSTM, dynamic_update:True, update_strategy:finetune, apply_constraint:True, use_consistency:True, use_only_conflict_data:True, confidence_threshold:0.5, consistency_alpha:0, win_min:300, adwin_threshold:0
torch_device: cuda:0
------------Initialization------------
------------Online ActivityPrediction------------
------------Updating Models------------
update activity num:  22  ->  23
------------Updating Models------------
------------Updating Models------------
------------Updating Models------------
------------Updating Models------------
------------Updating Models------------
------------Saving Results------------
drift:  6 [6365, 12251, 12258, 17259, 17351, 23912]
average accuracy:  0.8347185129793826
average fscore:  0.7305906224843277
average consistency:  0.0
total time:  562.5214577529987
Experiment results saved to results/result_prodrift_ROI_5k.csv
event_log:prodrift_ROI_5k, discovery_algorithm:ILP, prediction_algorithm:LSTM, dynamic_update:True, update_strategy:finetune, apply_constraint:True, use_consistency:True, use_only_conflict_data:True, confidence_threshold:0.5, consistency_alpha:0, win_min:300, adwin_threshold:0.674
torch_device: cuda:0
------------Initialization------------
------------Online ActivityPrediction------------
------------Updating Models------------
update activity num:  22  ->  23
------------Updating Models------------
------------Updating Models------------
------------Updating Models------------
------------Updating Models------------
------------Updating Models------------
------------Updating Models------------
------------Saving Results------------
drift:  7 [6541, 12302, 12326, 18330, 23790, 23921, 28954]
average accuracy:  0.811409037495994
average fscore:  0.730163437428691
average consistency:  0.0
total time:  555.0697922260006
Experiment results saved to results/result_prodrift_ROI_5k.csv
event_log:prodrift_ROI_5k, discovery_algorithm:ILP, prediction_algorithm:LSTM, dynamic_update:True, update_strategy:finetune, apply_constraint:True, use_consistency:True, use_only_conflict_data:True, confidence_threshold:0.5, consistency_alpha:0, win_min:300, adwin_threshold:1.282
torch_device: cuda:0
------------Initialization------------
------------Online ActivityPrediction------------
------------Updating Models------------
update activity num:  22  ->  23
------------Updating Models------------
------------Saving Results------------
drift:  2 [6761, 12788]
average accuracy:  0.830958230958231
average fscore:  0.7106526514337097
average consistency:  0.0
total time:  522.062747224998
Experiment results saved to results/result_prodrift_ROI_5k.csv
event_log:prodrift_ROI_5k, discovery_algorithm:ILP, prediction_algorithm:LSTM, dynamic_update:True, update_strategy:finetune, apply_constraint:True, use_consistency:True, use_only_conflict_data:True, confidence_threshold:0.5, consistency_alpha:0, win_min:300, adwin_threshold:1.645
torch_device: cuda:0
------------Initialization------------
------------Online ActivityPrediction------------
------------Updating Models------------
update activity num:  22  ->  23
------------Updating Models------------
------------Updating Models------------
------------Updating Models------------
------------Saving Results------------
drift:  4 [7327, 13415, 20540, 26847]
average accuracy:  0.8025851938895417
average fscore:  0.7121709630122648
average consistency:  0.0
total time:  562.8951470729953
Experiment results saved to results/result_prodrift_ROI_5k.csv
event_log:prodrift_ROI_5k, discovery_algorithm:ILP, prediction_algorithm:LSTM, dynamic_update:True, update_strategy:finetune, apply_constraint:True, use_consistency:True, use_only_conflict_data:True, confidence_threshold:0.5, consistency_alpha:0, win_min:300, adwin_threshold:2.326
torch_device: cuda:0
------------Initialization------------
------------Online ActivityPrediction------------
------------Saving Results------------
drift:  0 []
average accuracy:  0.7371648328170067
average fscore:  0.6374155391451808
average consistency:  0.0
total time:  518.8492038530021
Experiment results saved to results/result_prodrift_ROI_5k.csv
event_log:prodrift_ROI_5k, discovery_algorithm:ILP, prediction_algorithm:LSTM, dynamic_update:True, update_strategy:finetune, apply_constraint:True, use_consistency:True, use_only_conflict_data:True, confidence_threshold:0.5, consistency_alpha:0, win_min:300, adwin_threshold:2.576
torch_device: cuda:0
------------Initialization------------
------------Online ActivityPrediction------------
------------Saving Results------------
drift:  0 []
average accuracy:  0.7371648328170067
average fscore:  0.6374155391451808
average consistency:  0.0
total time:  504.4238276200049
Experiment results saved to results/result_prodrift_ROI_5k.csv
event_log:prodrift_ROI_5k, discovery_algorithm:ILP, prediction_algorithm:LSTM, dynamic_update:True, update_strategy:finetune, apply_constraint:True, use_consistency:True, use_only_conflict_data:True, confidence_threshold:0.5, consistency_alpha:0, win_min:300, adwin_threshold:3.09
torch_device: cuda:0
------------Initialization------------
------------Online ActivityPrediction------------
------------Saving Results------------
drift:  0 []
average accuracy:  0.7371648328170067
average fscore:  0.6374155391451808
average consistency:  0.0
total time:  508.24840612499975
Experiment results saved to results/result_prodrift_ROI_5k.csv
event_log:prodrift_ROI_5k, discovery_algorithm:ILP, prediction_algorithm:LSTM, dynamic_update:True, update_strategy:finetune, apply_constraint:True, use_consistency:True, use_only_conflict_data:True, confidence_threshold:0.5, consistency_alpha:0.25, win_min:300, adwin_threshold:0
torch_device: cuda:0
------------Initialization------------
------------Online ActivityPrediction------------
------------Updating Models------------
update activity num:  22  ->  23
------------Updating Models------------
------------Updating Models------------
------------Updating Models------------
------------Updating Models------------
------------Updating Models------------
------------Updating Models------------
------------Updating Models------------
------------Updating Models------------
------------Updating Models------------
------------Updating Models------------
------------Updating Models------------
------------Updating Models------------
------------Updating Models------------
------------Updating Models------------
------------Updating Models------------
------------Updating Models------------
------------Updating Models------------
------------Updating Models------------
------------Updating Models------------
------------Updating Models------------
------------Updating Models------------
------------Updating Models------------
------------Updating Models------------
------------Updating Models------------
------------Updating Models------------
------------Updating Models------------
------------Updating Models------------
------------Updating Models------------
------------Updating Models------------
------------Updating Models------------
------------Updating Models------------
------------Updating Models------------
------------Updating Models------------
------------Updating Models------------
------------Updating Models------------
------------Updating Models------------
------------Updating Models------------
------------Updating Models------------
------------Updating Models------------
------------Updating Models------------
------------Updating Models------------
------------Updating Models------------
------------Updating Models------------
------------Updating Models------------
------------Updating Models------------
------------Updating Models------------
------------Updating Models------------
------------Updating Models------------
------------Updating Models------------
------------Updating Models------------
------------Updating Models------------
------------Updating Models------------
------------Updating Models------------
------------Updating Models------------
------------Updating Models------------
------------Updating Models------------
------------Updating Models------------
------------Updating Models------------
------------Updating Models------------
------------Updating Models------------
------------Updating Models------------
------------Updating Models------------
------------Updating Models------------
------------Updating Models------------
------------Updating Models------------
------------Saving Results------------
drift:  66 [6041, 12133, 12312, 12368, 12427, 12598, 12780, 12937, 13243, 13637, 13655, 13817, 14558, 14714, 15420, 15537, 15583, 15748, 15912, 17105, 17264, 23272, 23356, 23452, 28652, 28835, 34427, 35084, 35713, 35739, 35845, 36148, 36663, 36809, 39992, 40112, 40275, 40452, 40611, 40796, 40953, 41117, 41288, 45738, 45779, 46002, 46139, 46304, 46951, 47077, 47336, 47452, 47618, 47783, 47948, 49565, 49662, 49750, 49913, 50076, 50594, 50642, 50775, 51215, 51259, 51416]
average accuracy:  0.8470676209806645
average fscore:  0.7602971326539769
average consistency:  0.0
total time:  696.997703771005
Experiment results saved to results/result_prodrift_ROI_5k.csv
event_log:prodrift_ROI_5k, discovery_algorithm:ILP, prediction_algorithm:LSTM, dynamic_update:True, update_strategy:finetune, apply_constraint:True, use_consistency:True, use_only_conflict_data:True, confidence_threshold:0.5, consistency_alpha:0.25, win_min:300, adwin_threshold:0.674
torch_device: cuda:0
------------Initialization------------
------------Online ActivityPrediction------------
------------Updating Models------------
update activity num:  22  ->  23
------------Updating Models------------
------------Saving Results------------
drift:  2 [6533, 12299]
average accuracy:  0.830488195705587
average fscore:  0.709624018381694
average consistency:  0.0
total time:  523.6729692719964
Experiment results saved to results/result_prodrift_ROI_5k.csv
event_log:prodrift_ROI_5k, discovery_algorithm:ILP, prediction_algorithm:LSTM, dynamic_update:True, update_strategy:finetune, apply_constraint:True, use_consistency:True, use_only_conflict_data:True, confidence_threshold:0.5, consistency_alpha:0.25, win_min:300, adwin_threshold:1.282
torch_device: cuda:0
------------Initialization------------
------------Online ActivityPrediction------------
------------Updating Models------------
update activity num:  22  ->  23
------------Updating Models------------
------------Saving Results------------
drift:  2 [6641, 12251]
average accuracy:  0.8299967952141866
average fscore:  0.7112673519071777
average consistency:  0.0
total time:  531.9276930650012
Experiment results saved to results/result_prodrift_ROI_5k.csv
event_log:prodrift_ROI_5k, discovery_algorithm:ILP, prediction_algorithm:LSTM, dynamic_update:True, update_strategy:finetune, apply_constraint:True, use_consistency:True, use_only_conflict_data:True, confidence_threshold:0.5, consistency_alpha:0.25, win_min:300, adwin_threshold:1.645
torch_device: cuda:0
------------Initialization------------
------------Online ActivityPrediction------------
------------Updating Models------------
update activity num:  22  ->  23
------------Updating Models------------
------------Saving Results------------
drift:  2 [6713, 12217]
average accuracy:  0.831470996688388
average fscore:  0.7149492200996489
average consistency:  0.0
total time:  526.4498097020041
Experiment results saved to results/result_prodrift_ROI_5k.csv
event_log:prodrift_ROI_5k, discovery_algorithm:ILP, prediction_algorithm:LSTM, dynamic_update:True, update_strategy:finetune, apply_constraint:True, use_consistency:True, use_only_conflict_data:True, confidence_threshold:0.5, consistency_alpha:0.25, win_min:300, adwin_threshold:2.326
torch_device: cuda:0
------------Initialization------------
------------Online ActivityPrediction------------
------------Updating Models------------
update activity num:  22  ->  23
------------Updating Models------------
------------Updating Models------------
------------Updating Models------------
------------Updating Models------------
------------Updating Models------------
------------Saving Results------------
drift:  6 [7345, 13630, 22491, 28168, 29460, 36637]
average accuracy:  0.8028202115158637
average fscore:  0.7175303584237593
average consistency:  0.0
total time:  608.1290995650052
Experiment results saved to results/result_prodrift_ROI_5k.csv
event_log:prodrift_ROI_5k, discovery_algorithm:ILP, prediction_algorithm:LSTM, dynamic_update:True, update_strategy:finetune, apply_constraint:True, use_consistency:True, use_only_conflict_data:True, confidence_threshold:0.5, consistency_alpha:0.25, win_min:300, adwin_threshold:2.576
torch_device: cuda:0
------------Initialization------------
------------Online ActivityPrediction------------
------------Saving Results------------
drift:  0 []
average accuracy:  0.7371648328170067
average fscore:  0.6374155391451808
average consistency:  0.0
total time:  508.60599635800463
Experiment results saved to results/result_prodrift_ROI_5k.csv
event_log:prodrift_ROI_5k, discovery_algorithm:ILP, prediction_algorithm:LSTM, dynamic_update:True, update_strategy:finetune, apply_constraint:True, use_consistency:True, use_only_conflict_data:True, confidence_threshold:0.5, consistency_alpha:0.25, win_min:300, adwin_threshold:3.09
torch_device: cuda:0
------------Initialization------------
------------Online ActivityPrediction------------
------------Saving Results------------
drift:  0 []
average accuracy:  0.7371648328170067
average fscore:  0.6374155391451808
average consistency:  0.0
total time:  519.7788219509966
Experiment results saved to results/result_prodrift_ROI_5k.csv
event_log:prodrift_ROI_5k, discovery_algorithm:ILP, prediction_algorithm:LSTM, dynamic_update:True, update_strategy:finetune, apply_constraint:True, use_consistency:True, use_only_conflict_data:True, confidence_threshold:0.5, consistency_alpha:0.5, win_min:300, adwin_threshold:0
torch_device: cuda:0
------------Initialization------------
------------Online ActivityPrediction------------
------------Updating Models------------
update activity num:  22  ->  23
------------Updating Models------------
------------Updating Models------------
------------Updating Models------------
------------Updating Models------------
------------Updating Models------------
------------Updating Models------------
------------Updating Models------------
------------Updating Models------------
------------Updating Models------------
------------Updating Models------------
------------Updating Models------------
------------Updating Models------------
------------Updating Models------------
------------Updating Models------------
------------Updating Models------------
------------Updating Models------------
------------Updating Models------------
------------Updating Models------------
------------Updating Models------------
------------Updating Models------------
------------Updating Models------------
------------Updating Models------------
------------Updating Models------------
------------Updating Models------------
------------Updating Models------------
------------Updating Models------------
------------Updating Models------------
------------Updating Models------------
------------Updating Models------------
------------Updating Models------------
------------Updating Models------------
------------Updating Models------------
------------Updating Models------------
------------Updating Models------------
------------Updating Models------------
------------Updating Models------------
------------Updating Models------------
------------Updating Models------------
------------Updating Models------------
------------Updating Models------------
------------Updating Models------------
------------Updating Models------------
------------Updating Models------------
------------Updating Models------------
------------Updating Models------------
------------Updating Models------------
------------Updating Models------------
------------Updating Models------------
------------Updating Models------------
------------Updating Models------------
------------Updating Models------------
------------Updating Models------------
------------Updating Models------------
------------Updating Models------------
------------Updating Models------------
------------Updating Models------------
------------Updating Models------------
------------Updating Models------------
------------Updating Models------------
------------Updating Models------------
------------Updating Models------------
------------Updating Models------------
------------Updating Models------------
------------Updating Models------------
------------Updating Models------------
------------Saving Results------------
drift:  66 [6041, 12133, 12312, 12368, 12427, 12598, 12780, 12937, 13243, 13637, 13655, 13817, 14558, 14714, 15420, 15537, 15583, 15748, 15912, 17105, 17264, 23272, 23356, 23452, 28652, 28835, 34427, 35084, 35713, 35739, 35845, 36148, 36663, 36809, 39992, 40112, 40275, 40452, 40611, 40796, 40953, 41117, 41288, 45738, 45779, 46002, 46139, 46304, 46951, 47077, 47336, 47452, 47618, 47783, 47948, 49565, 49662, 49750, 49913, 50076, 50594, 50642, 50775, 51215, 51259, 51416]
average accuracy:  0.8470676209806645
average fscore:  0.7602971326539769
average consistency:  0.0
total time:  702.4674484299976
Experiment results saved to results/result_prodrift_ROI_5k.csv
event_log:prodrift_ROI_5k, discovery_algorithm:ILP, prediction_algorithm:LSTM, dynamic_update:True, update_strategy:finetune, apply_constraint:True, use_consistency:True, use_only_conflict_data:True, confidence_threshold:0.5, consistency_alpha:0.5, win_min:300, adwin_threshold:0.674
torch_device: cuda:0
------------Initialization------------
------------Online ActivityPrediction------------
------------Updating Models------------
update activity num:  22  ->  23
------------Updating Models------------
------------Saving Results------------
drift:  2 [6489, 12243]
average accuracy:  0.8323042409998932
average fscore:  0.7139438438998595
average consistency:  0.0
total time:  515.0463333239968
Experiment results saved to results/result_prodrift_ROI_5k.csv
event_log:prodrift_ROI_5k, discovery_algorithm:ILP, prediction_algorithm:LSTM, dynamic_update:True, update_strategy:finetune, apply_constraint:True, use_consistency:True, use_only_conflict_data:True, confidence_threshold:0.5, consistency_alpha:0.5, win_min:300, adwin_threshold:1.282
torch_device: cuda:0
------------Initialization------------
------------Online ActivityPrediction------------
------------Updating Models------------
update activity num:  22  ->  23
------------Updating Models------------
------------Saving Results------------
drift:  2 [6639, 12274]
average accuracy:  0.830958230958231
average fscore:  0.7095913498277224
average consistency:  0.0
total time:  510.51793788000214
Experiment results saved to results/result_prodrift_ROI_5k.csv
event_log:prodrift_ROI_5k, discovery_algorithm:ILP, prediction_algorithm:LSTM, dynamic_update:True, update_strategy:finetune, apply_constraint:True, use_consistency:True, use_only_conflict_data:True, confidence_threshold:0.5, consistency_alpha:0.5, win_min:300, adwin_threshold:1.645
torch_device: cuda:0
------------Initialization------------
------------Online ActivityPrediction------------
------------Updating Models------------
update activity num:  22  ->  23
------------Updating Models------------
------------Saving Results------------
drift:  2 [6688, 12170]
average accuracy:  0.8320905886123278
average fscore:  0.7237460574890651
average consistency:  0.0
total time:  519.0864355019949
Experiment results saved to results/result_prodrift_ROI_5k.csv
event_log:prodrift_ROI_5k, discovery_algorithm:ILP, prediction_algorithm:LSTM, dynamic_update:True, update_strategy:finetune, apply_constraint:True, use_consistency:True, use_only_conflict_data:True, confidence_threshold:0.5, consistency_alpha:0.5, win_min:300, adwin_threshold:2.326
torch_device: cuda:0
------------Initialization------------
------------Online ActivityPrediction------------
------------Updating Models------------
update activity num:  22  ->  23
------------Updating Models------------
------------Saving Results------------
drift:  2 [6819, 13230]
average accuracy:  0.8292062813801945
average fscore:  0.7112128460629352
average consistency:  0.0
total time:  533.5595582820024
Experiment results saved to results/result_prodrift_ROI_5k.csv
event_log:prodrift_ROI_5k, discovery_algorithm:ILP, prediction_algorithm:LSTM, dynamic_update:True, update_strategy:finetune, apply_constraint:True, use_consistency:True, use_only_conflict_data:True, confidence_threshold:0.5, consistency_alpha:0.5, win_min:300, adwin_threshold:2.576
torch_device: cuda:0
------------Initialization------------
------------Online ActivityPrediction------------
------------Updating Models------------
update activity num:  22  ->  23
------------Updating Models------------
------------Saving Results------------
drift:  2 [7194, 13760]
average accuracy:  0.8041234910800128
average fscore:  0.7121106638482186
average consistency:  0.0
total time:  514.5193920210004
Experiment results saved to results/result_prodrift_ROI_5k.csv
event_log:prodrift_ROI_5k, discovery_algorithm:ILP, prediction_algorithm:LSTM, dynamic_update:True, update_strategy:finetune, apply_constraint:True, use_consistency:True, use_only_conflict_data:True, confidence_threshold:0.5, consistency_alpha:0.5, win_min:300, adwin_threshold:3.09
torch_device: cuda:0
------------Initialization------------
------------Online ActivityPrediction------------
------------Saving Results------------
drift:  0 []
average accuracy:  0.7371648328170067
average fscore:  0.6374155391451808
average consistency:  0.0
total time:  509.06852027399873
Experiment results saved to results/result_prodrift_ROI_5k.csv
event_log:prodrift_ROI_5k, discovery_algorithm:ILP, prediction_algorithm:LSTM, dynamic_update:True, update_strategy:finetune, apply_constraint:True, use_consistency:True, use_only_conflict_data:True, confidence_threshold:0.5, consistency_alpha:0.75, win_min:300, adwin_threshold:0
torch_device: cuda:0
------------Initialization------------
------------Online ActivityPrediction------------
------------Updating Models------------
update activity num:  22  ->  23
------------Updating Models------------
------------Updating Models------------
------------Updating Models------------
------------Updating Models------------
------------Updating Models------------
------------Updating Models------------
------------Updating Models------------
------------Updating Models------------
------------Updating Models------------
------------Updating Models------------
------------Updating Models------------
------------Updating Models------------
------------Updating Models------------
------------Updating Models------------
------------Updating Models------------
------------Updating Models------------
------------Updating Models------------
------------Updating Models------------
------------Updating Models------------
------------Updating Models------------
------------Updating Models------------
------------Updating Models------------
------------Updating Models------------
------------Updating Models------------
------------Updating Models------------
------------Updating Models------------
------------Updating Models------------
------------Updating Models------------
------------Updating Models------------
------------Updating Models------------
------------Updating Models------------
------------Updating Models------------
------------Updating Models------------
------------Updating Models------------
------------Updating Models------------
------------Updating Models------------
------------Updating Models------------
------------Updating Models------------
------------Updating Models------------
------------Updating Models------------
------------Updating Models------------
------------Updating Models------------
------------Updating Models------------
------------Updating Models------------
------------Updating Models------------
------------Updating Models------------
------------Updating Models------------
------------Updating Models------------
------------Updating Models------------
------------Updating Models------------
------------Updating Models------------
------------Updating Models------------
------------Updating Models------------
------------Updating Models------------
------------Updating Models------------
------------Updating Models------------
------------Updating Models------------
------------Updating Models------------
------------Updating Models------------
------------Updating Models------------
------------Updating Models------------
------------Updating Models------------
------------Updating Models------------
------------Updating Models------------
------------Updating Models------------
------------Saving Results------------
drift:  66 [6041, 12133, 12312, 12368, 12427, 12598, 12780, 12937, 13243, 13637, 13655, 13817, 14558, 14714, 15420, 15537, 15583, 15748, 15912, 17105, 17264, 23272, 23356, 23452, 28652, 28835, 34427, 35084, 35713, 35739, 35845, 36148, 36663, 36809, 39992, 40112, 40275, 40452, 40611, 40796, 40953, 41117, 41288, 45738, 45779, 46002, 46139, 46304, 46951, 47077, 47336, 47452, 47618, 47783, 47948, 49565, 49662, 49750, 49913, 50076, 50594, 50642, 50775, 51215, 51259, 51416]
average accuracy:  0.8470676209806645
average fscore:  0.7602971326539769
average consistency:  0.0
total time:  680.2035183269982
Experiment results saved to results/result_prodrift_ROI_5k.csv
event_log:prodrift_ROI_5k, discovery_algorithm:ILP, prediction_algorithm:LSTM, dynamic_update:True, update_strategy:finetune, apply_constraint:True, use_consistency:True, use_only_conflict_data:True, confidence_threshold:0.5, consistency_alpha:0.75, win_min:300, adwin_threshold:0.674
torch_device: cuda:0
------------Initialization------------
------------Online ActivityPrediction------------
------------Updating Models------------
update activity num:  22  ->  23
------------Updating Models------------
------------Saving Results------------
drift:  2 [6065, 12256]
average accuracy:  0.8320905886123278
average fscore:  0.7138937441785209
average consistency:  0.0
total time:  534.7089740239971
Experiment results saved to results/result_prodrift_ROI_5k.csv
event_log:prodrift_ROI_5k, discovery_algorithm:ILP, prediction_algorithm:LSTM, dynamic_update:True, update_strategy:finetune, apply_constraint:True, use_consistency:True, use_only_conflict_data:True, confidence_threshold:0.5, consistency_alpha:0.75, win_min:300, adwin_threshold:1.282
torch_device: cuda:0
------------Initialization------------
------------Online ActivityPrediction------------
------------Updating Models------------
update activity num:  22  ->  23
------------Updating Models------------
------------Saving Results------------
drift:  2 [6642, 12797]
average accuracy:  0.8294199337677599
average fscore:  0.6939531328658006
average consistency:  0.0
total time:  528.9467354320004
Experiment results saved to results/result_prodrift_ROI_5k.csv
event_log:prodrift_ROI_5k, discovery_algorithm:ILP, prediction_algorithm:LSTM, dynamic_update:True, update_strategy:finetune, apply_constraint:True, use_consistency:True, use_only_conflict_data:True, confidence_threshold:0.5, consistency_alpha:0.75, win_min:300, adwin_threshold:1.645
torch_device: cuda:0
------------Initialization------------
------------Online ActivityPrediction------------
------------Updating Models------------
update activity num:  22  ->  23
------------Updating Models------------
------------Saving Results------------
drift:  2 [6688, 13072]
average accuracy:  0.8305950218993697
average fscore:  0.7162626184353535
average consistency:  0.0
total time:  524.5173103490015
Experiment results saved to results/result_prodrift_ROI_5k.csv
event_log:prodrift_ROI_5k, discovery_algorithm:ILP, prediction_algorithm:LSTM, dynamic_update:True, update_strategy:finetune, apply_constraint:True, use_consistency:True, use_only_conflict_data:True, confidence_threshold:0.5, consistency_alpha:0.75, win_min:300, adwin_threshold:2.326
torch_device: cuda:0
------------Initialization------------
------------Online ActivityPrediction------------
------------Updating Models------------
update activity num:  22  ->  23
------------Updating Models------------
------------Updating Models------------
------------Saving Results------------
drift:  3 [6819, 14298, 19716]
average accuracy:  0.8216429868603782
average fscore:  0.7110542651543791
average consistency:  0.0
total time:  579.1849369279953
Experiment results saved to results/result_prodrift_ROI_5k.csv
event_log:prodrift_ROI_5k, discovery_algorithm:ILP, prediction_algorithm:LSTM, dynamic_update:True, update_strategy:finetune, apply_constraint:True, use_consistency:True, use_only_conflict_data:True, confidence_threshold:0.5, consistency_alpha:0.75, win_min:300, adwin_threshold:2.576
torch_device: cuda:0
------------Initialization------------
------------Online ActivityPrediction------------
------------Updating Models------------
update activity num:  22  ->  23
------------Updating Models------------
------------Updating Models------------
------------Saving Results------------
drift:  3 [7195, 15174, 21726]
average accuracy:  0.8137805789979703
average fscore:  0.7145874727347445
average consistency:  0.0
total time:  567.9687742899987
Experiment results saved to results/result_prodrift_ROI_5k.csv
event_log:prodrift_ROI_5k, discovery_algorithm:ILP, prediction_algorithm:LSTM, dynamic_update:True, update_strategy:finetune, apply_constraint:True, use_consistency:True, use_only_conflict_data:True, confidence_threshold:0.5, consistency_alpha:0.75, win_min:300, adwin_threshold:3.09
torch_device: cuda:0
------------Initialization------------
------------Online ActivityPrediction------------
------------Saving Results------------
drift:  0 []
average accuracy:  0.7371648328170067
average fscore:  0.6374155391451808
average consistency:  0.0
total time:  484.44542468500003
Experiment results saved to results/result_prodrift_ROI_5k.csv
event_log:prodrift_ROI_5k, discovery_algorithm:ILP, prediction_algorithm:LSTM, dynamic_update:True, update_strategy:finetune, apply_constraint:True, use_consistency:True, use_only_conflict_data:True, confidence_threshold:0.5, consistency_alpha:1.0, win_min:300, adwin_threshold:0
torch_device: cuda:0
------------Initialization------------
------------Online ActivityPrediction------------
------------Updating Models------------
update activity num:  22  ->  23
------------Saving Results------------
drift:  1 [6041]
average accuracy:  0.8313428052558487
average fscore:  0.7025703999625202
average consistency:  0.0
total time:  528.6222773420013
Experiment results saved to results/result_prodrift_ROI_5k.csv
event_log:prodrift_ROI_5k, discovery_algorithm:ILP, prediction_algorithm:LSTM, dynamic_update:True, update_strategy:finetune, apply_constraint:True, use_consistency:True, use_only_conflict_data:True, confidence_threshold:0.5, consistency_alpha:1.0, win_min:300, adwin_threshold:0.674
torch_device: cuda:0
------------Initialization------------
------------Online ActivityPrediction------------
------------Updating Models------------
update activity num:  22  ->  23
------------Saving Results------------
drift:  1 [6065]
average accuracy:  0.8309795961969875
average fscore:  0.708844529824744
average consistency:  0.0
total time:  509.4474984010012
Experiment results saved to results/result_prodrift_ROI_5k.csv
event_log:prodrift_ROI_5k, discovery_algorithm:ILP, prediction_algorithm:LSTM, dynamic_update:True, update_strategy:finetune, apply_constraint:True, use_consistency:True, use_only_conflict_data:True, confidence_threshold:0.5, consistency_alpha:1.0, win_min:300, adwin_threshold:1.282
torch_device: cuda:0
------------Initialization------------
------------Online ActivityPrediction------------
------------Updating Models------------
update activity num:  22  ->  23
------------Saving Results------------
drift:  1 [6673]
average accuracy:  0.8323469714774062
average fscore:  0.7232402339569857
average consistency:  0.0
total time:  506.21774561599887
Experiment results saved to results/result_prodrift_ROI_5k.csv
event_log:prodrift_ROI_5k, discovery_algorithm:ILP, prediction_algorithm:LSTM, dynamic_update:True, update_strategy:finetune, apply_constraint:True, use_consistency:True, use_only_conflict_data:True, confidence_threshold:0.5, consistency_alpha:1.0, win_min:300, adwin_threshold:1.645
torch_device: cuda:0
------------Initialization------------
------------Online ActivityPrediction------------
------------Updating Models------------
update activity num:  22  ->  23
------------Saving Results------------
drift:  1 [6711]
average accuracy:  0.8323683367161628
average fscore:  0.7234415727855165
average consistency:  0.0
total time:  525.5056808970112
Experiment results saved to results/result_prodrift_ROI_5k.csv
event_log:prodrift_ROI_5k, discovery_algorithm:ILP, prediction_algorithm:LSTM, dynamic_update:True, update_strategy:finetune, apply_constraint:True, use_consistency:True, use_only_conflict_data:True, confidence_threshold:0.5, consistency_alpha:1.0, win_min:300, adwin_threshold:2.326
torch_device: cuda:0
------------Initialization------------
------------Online ActivityPrediction------------
------------Saving Results------------
drift:  0 []
average accuracy:  0.7371648328170067
average fscore:  0.6374155391451808
average consistency:  0.0
total time:  504.2631546439952
Experiment results saved to results/result_prodrift_ROI_5k.csv
event_log:prodrift_ROI_5k, discovery_algorithm:ILP, prediction_algorithm:LSTM, dynamic_update:True, update_strategy:finetune, apply_constraint:True, use_consistency:True, use_only_conflict_data:True, confidence_threshold:0.5, consistency_alpha:1.0, win_min:300, adwin_threshold:2.576
torch_device: cuda:0
------------Initialization------------
------------Online ActivityPrediction------------
------------Saving Results------------
drift:  0 []
average accuracy:  0.7371648328170067
average fscore:  0.6374155391451808
average consistency:  0.0
total time:  524.1918002940074
Experiment results saved to results/result_prodrift_ROI_5k.csv
event_log:prodrift_ROI_5k, discovery_algorithm:ILP, prediction_algorithm:LSTM, dynamic_update:True, update_strategy:finetune, apply_constraint:True, use_consistency:True, use_only_conflict_data:True, confidence_threshold:0.5, consistency_alpha:1.0, win_min:300, adwin_threshold:3.09
torch_device: cuda:0
------------Initialization------------
------------Online ActivityPrediction------------
------------Saving Results------------
drift:  0 []
average accuracy:  0.7371648328170067
average fscore:  0.6374155391451808
average consistency:  0.0
total time:  528.2051531039906
Experiment results saved to results/result_prodrift_ROI_5k.csv
event_log:prodrift_ROI_5k, discovery_algorithm:ILP, prediction_algorithm:Transformer, dynamic_update:True, update_strategy:finetune, apply_constraint:True, use_consistency:True, use_only_conflict_data:True, confidence_threshold:0.5, consistency_alpha:0, win_min:300, adwin_threshold:0
torch_device: cuda:0
------------Initialization------------
------------Online ActivityPrediction------------
------------Updating Models------------
update activity num:  22  ->  23
------------Updating Models------------
------------Saving Results------------
drift:  2 [6138, 12442]
average accuracy:  0.8267279136844354
average fscore:  0.6948884651982971
average consistency:  0.0
total time:  865.0952408980083
Experiment results saved to results/result_prodrift_ROI_5k.csv
event_log:prodrift_ROI_5k, discovery_algorithm:ILP, prediction_algorithm:Transformer, dynamic_update:True, update_strategy:finetune, apply_constraint:True, use_consistency:True, use_only_conflict_data:True, confidence_threshold:0.5, consistency_alpha:0, win_min:300, adwin_threshold:0.674
torch_device: cuda:0
------------Initialization------------
------------Online ActivityPrediction------------
------------Updating Models------------
update activity num:  22  ->  23
------------Updating Models------------
------------Saving Results------------
drift:  2 [6146, 12406]
average accuracy:  0.8311718833457964
average fscore:  0.6941905808340076
average consistency:  0.0
total time:  868.6909134900052
Experiment results saved to results/result_prodrift_ROI_5k.csv
event_log:prodrift_ROI_5k, discovery_algorithm:ILP, prediction_algorithm:Transformer, dynamic_update:True, update_strategy:finetune, apply_constraint:True, use_consistency:True, use_only_conflict_data:True, confidence_threshold:0.5, consistency_alpha:0, win_min:300, adwin_threshold:1.282
torch_device: cuda:0
------------Initialization------------
------------Online ActivityPrediction------------
------------Updating Models------------
update activity num:  22  ->  23
------------Updating Models------------
------------Saving Results------------
drift:  2 [6813, 13328]
average accuracy:  0.8280952889648542
average fscore:  0.6994492976881087
average consistency:  0.0
total time:  851.8409503350122
Experiment results saved to results/result_prodrift_ROI_5k.csv
event_log:prodrift_ROI_5k, discovery_algorithm:ILP, prediction_algorithm:Transformer, dynamic_update:True, update_strategy:finetune, apply_constraint:True, use_consistency:True, use_only_conflict_data:True, confidence_threshold:0.5, consistency_alpha:0, win_min:300, adwin_threshold:1.645
torch_device: cuda:0
------------Initialization------------
------------Online ActivityPrediction------------
------------Updating Models------------
update activity num:  22  ->  23
------------Updating Models------------
------------Saving Results------------
drift:  2 [6829, 13339]
average accuracy:  0.8285866894562547
average fscore:  0.7049200654364598
average consistency:  0.0
total time:  854.2664257759898
Experiment results saved to results/result_prodrift_ROI_5k.csv
event_log:prodrift_ROI_5k, discovery_algorithm:ILP, prediction_algorithm:Transformer, dynamic_update:True, update_strategy:finetune, apply_constraint:True, use_consistency:True, use_only_conflict_data:True, confidence_threshold:0.5, consistency_alpha:0, win_min:300, adwin_threshold:2.326
torch_device: cuda:0
------------Initialization------------
------------Online ActivityPrediction------------
------------Saving Results------------
drift:  0 []
average accuracy:  0.6940925114838158
average fscore:  0.5997540775244626
average consistency:  0.0
total time:  806.5778080169985
Experiment results saved to results/result_prodrift_ROI_5k.csv
event_log:prodrift_ROI_5k, discovery_algorithm:ILP, prediction_algorithm:Transformer, dynamic_update:True, update_strategy:finetune, apply_constraint:True, use_consistency:True, use_only_conflict_data:True, confidence_threshold:0.5, consistency_alpha:0, win_min:300, adwin_threshold:2.576
torch_device: cuda:0
------------Initialization------------
------------Online ActivityPrediction------------
------------Saving Results------------
drift:  0 []
average accuracy:  0.6940925114838158
average fscore:  0.5997540775244626
average consistency:  0.0
total time:  803.1882754289982
Experiment results saved to results/result_prodrift_ROI_5k.csv
event_log:prodrift_ROI_5k, discovery_algorithm:ILP, prediction_algorithm:Transformer, dynamic_update:True, update_strategy:finetune, apply_constraint:True, use_consistency:True, use_only_conflict_data:True, confidence_threshold:0.5, consistency_alpha:0, win_min:300, adwin_threshold:3.09
torch_device: cuda:0
------------Initialization------------
------------Online ActivityPrediction------------
------------Saving Results------------
drift:  0 []
average accuracy:  0.6940925114838158
average fscore:  0.5997540775244626
average consistency:  0.0
total time:  798.2142387600034
Experiment results saved to results/result_prodrift_ROI_5k.csv
event_log:prodrift_ROI_5k, discovery_algorithm:ILP, prediction_algorithm:Transformer, dynamic_update:True, update_strategy:finetune, apply_constraint:True, use_consistency:True, use_only_conflict_data:True, confidence_threshold:0.5, consistency_alpha:0.25, win_min:300, adwin_threshold:0
torch_device: cuda:0
------------Initialization------------
------------Online ActivityPrediction------------
------------Updating Models------------
update activity num:  22  ->  23
------------Updating Models------------
------------Saving Results------------
drift:  2 [6041, 12312]
average accuracy:  0.8318555709860058
average fscore:  0.7091964932173431
average consistency:  0.0
total time:  855.4638862569991
Experiment results saved to results/result_prodrift_ROI_5k.csv
event_log:prodrift_ROI_5k, discovery_algorithm:ILP, prediction_algorithm:Transformer, dynamic_update:True, update_strategy:finetune, apply_constraint:True, use_consistency:True, use_only_conflict_data:True, confidence_threshold:0.5, consistency_alpha:0.25, win_min:300, adwin_threshold:0.674
torch_device: cuda:0
------------Initialization------------
------------Online ActivityPrediction------------
------------Updating Models------------
update activity num:  22  ->  23
------------Updating Models------------
------------Saving Results------------
drift:  2 [6141, 12404]
average accuracy:  0.8313214400170922
average fscore:  0.6963099044528955
average consistency:  0.0
total time:  851.0603223340004
Experiment results saved to results/result_prodrift_ROI_5k.csv
event_log:prodrift_ROI_5k, discovery_algorithm:ILP, prediction_algorithm:Transformer, dynamic_update:True, update_strategy:finetune, apply_constraint:True, use_consistency:True, use_only_conflict_data:True, confidence_threshold:0.5, consistency_alpha:0.25, win_min:300, adwin_threshold:1.282
torch_device: cuda:0
------------Initialization------------
------------Online ActivityPrediction------------
------------Updating Models------------
update activity num:  22  ->  23
------------Updating Models------------
------------Updating Models------------
------------Updating Models------------
------------Updating Models------------
------------Saving Results------------
drift:  5 [6690, 12307, 28344, 28667, 36978]
average accuracy:  0.8294412990065164
average fscore:  0.7171432527589701
average consistency:  0.0
total time:  959.1355459930055
Experiment results saved to results/result_prodrift_ROI_5k.csv
event_log:prodrift_ROI_5k, discovery_algorithm:ILP, prediction_algorithm:Transformer, dynamic_update:True, update_strategy:finetune, apply_constraint:True, use_consistency:True, use_only_conflict_data:True, confidence_threshold:0.5, consistency_alpha:0.25, win_min:300, adwin_threshold:1.645
torch_device: cuda:0
------------Initialization------------
------------Online ActivityPrediction------------
------------Updating Models------------
update activity num:  22  ->  23
------------Updating Models------------
------------Updating Models------------
------------Updating Models------------
------------Updating Models------------
------------Updating Models------------
------------Saving Results------------
drift:  6 [6711, 6712, 14066, 28377, 28787, 35250]
average accuracy:  0.8205319944450379
average fscore:  0.7115036645329436
average consistency:  0.0
total time:  943.7986454099882
Experiment results saved to results/result_prodrift_ROI_5k.csv
event_log:prodrift_ROI_5k, discovery_algorithm:ILP, prediction_algorithm:Transformer, dynamic_update:True, update_strategy:finetune, apply_constraint:True, use_consistency:True, use_only_conflict_data:True, confidence_threshold:0.5, consistency_alpha:0.25, win_min:300, adwin_threshold:2.326
torch_device: cuda:0
------------Initialization------------
------------Online ActivityPrediction------------
------------Saving Results------------
drift:  0 []
average accuracy:  0.6940925114838158
average fscore:  0.5997540775244626
average consistency:  0.0
total time:  815.9998573129997
Experiment results saved to results/result_prodrift_ROI_5k.csv
event_log:prodrift_ROI_5k, discovery_algorithm:ILP, prediction_algorithm:Transformer, dynamic_update:True, update_strategy:finetune, apply_constraint:True, use_consistency:True, use_only_conflict_data:True, confidence_threshold:0.5, consistency_alpha:0.25, win_min:300, adwin_threshold:2.576
torch_device: cuda:0
------------Initialization------------
------------Online ActivityPrediction------------
------------Saving Results------------
drift:  0 []
average accuracy:  0.6940925114838158
average fscore:  0.5997540775244626
average consistency:  0.0
total time:  814.8213405470015
Experiment results saved to results/result_prodrift_ROI_5k.csv
event_log:prodrift_ROI_5k, discovery_algorithm:ILP, prediction_algorithm:Transformer, dynamic_update:True, update_strategy:finetune, apply_constraint:True, use_consistency:True, use_only_conflict_data:True, confidence_threshold:0.5, consistency_alpha:0.25, win_min:300, adwin_threshold:3.09
torch_device: cuda:0
------------Initialization------------
------------Online ActivityPrediction------------
------------Saving Results------------
drift:  0 []
average accuracy:  0.6940925114838158
average fscore:  0.5997540775244626
average consistency:  0.0
total time:  837.5286034610035
Experiment results saved to results/result_prodrift_ROI_5k.csv
event_log:prodrift_ROI_5k, discovery_algorithm:ILP, prediction_algorithm:Transformer, dynamic_update:True, update_strategy:finetune, apply_constraint:True, use_consistency:True, use_only_conflict_data:True, confidence_threshold:0.5, consistency_alpha:0.5, win_min:300, adwin_threshold:0
torch_device: cuda:0
------------Initialization------------
------------Online ActivityPrediction------------
------------Updating Models------------
update activity num:  22  ->  23
------------Updating Models------------
------------Saving Results------------
drift:  2 [6041, 12312]
average accuracy:  0.8318555709860058
average fscore:  0.7091964932173431
average consistency:  0.0
total time:  861.9270738619962
Experiment results saved to results/result_prodrift_ROI_5k.csv
event_log:prodrift_ROI_5k, discovery_algorithm:ILP, prediction_algorithm:Transformer, dynamic_update:True, update_strategy:finetune, apply_constraint:True, use_consistency:True, use_only_conflict_data:True, confidence_threshold:0.5, consistency_alpha:0.5, win_min:300, adwin_threshold:0.674
torch_device: cuda:0
------------Initialization------------
------------Online ActivityPrediction------------
------------Updating Models------------
update activity num:  22  ->  23
------------Updating Models------------
------------Saving Results------------
drift:  2 [6140, 12348]
average accuracy:  0.8320264928960581
average fscore:  0.6991937890665665
average consistency:  0.0
total time:  844.5957964170084
Experiment results saved to results/result_prodrift_ROI_5k.csv
event_log:prodrift_ROI_5k, discovery_algorithm:ILP, prediction_algorithm:Transformer, dynamic_update:True, update_strategy:finetune, apply_constraint:True, use_consistency:True, use_only_conflict_data:True, confidence_threshold:0.5, consistency_alpha:0.5, win_min:300, adwin_threshold:1.282
torch_device: cuda:0
------------Initialization------------
------------Online ActivityPrediction------------
------------Updating Models------------
update activity num:  22  ->  23
------------Updating Models------------
------------Saving Results------------
drift:  2 [6672, 12462]
average accuracy:  0.829227646618951
average fscore:  0.6988414527835597
average consistency:  0.0
total time:  842.6253038249997
Experiment results saved to results/result_prodrift_ROI_5k.csv
event_log:prodrift_ROI_5k, discovery_algorithm:ILP, prediction_algorithm:Transformer, dynamic_update:True, update_strategy:finetune, apply_constraint:True, use_consistency:True, use_only_conflict_data:True, confidence_threshold:0.5, consistency_alpha:0.5, win_min:300, adwin_threshold:1.645
torch_device: cuda:0
------------Initialization------------
------------Online ActivityPrediction------------
------------Updating Models------------
update activity num:  22  ->  23
------------Updating Models------------
------------Updating Models------------
------------Updating Models------------
------------Updating Models------------
------------Saving Results------------
drift:  5 [6690, 12634, 12663, 12759, 17279]
average accuracy:  0.8059609016130755
average fscore:  0.7075398128339236
average consistency:  0.0
total time:  865.7421398470033
Experiment results saved to results/result_prodrift_ROI_5k.csv
event_log:prodrift_ROI_5k, discovery_algorithm:ILP, prediction_algorithm:Transformer, dynamic_update:True, update_strategy:finetune, apply_constraint:True, use_consistency:True, use_only_conflict_data:True, confidence_threshold:0.5, consistency_alpha:0.5, win_min:300, adwin_threshold:2.326
torch_device: cuda:0
------------Initialization------------
------------Online ActivityPrediction------------
------------Updating Models------------
update activity num:  22  ->  23
------------Updating Models------------
------------Saving Results------------
drift:  2 [6816, 13759]
average accuracy:  0.8284371327849589
average fscore:  0.705310289531989
average consistency:  0.0
total time:  773.7798977969942
Experiment results saved to results/result_prodrift_ROI_5k.csv
event_log:prodrift_ROI_5k, discovery_algorithm:ILP, prediction_algorithm:Transformer, dynamic_update:True, update_strategy:finetune, apply_constraint:True, use_consistency:True, use_only_conflict_data:True, confidence_threshold:0.5, consistency_alpha:0.5, win_min:300, adwin_threshold:2.576
torch_device: cuda:0
------------Initialization------------
------------Online ActivityPrediction------------
------------Updating Models------------
update activity num:  22  ->  23
------------Updating Models------------
------------Saving Results------------
drift:  2 [6822, 13846]
average accuracy:  0.8287362461275505
average fscore:  0.693744220312836
average consistency:  0.0
total time:  753.5637370939949
Experiment results saved to results/result_prodrift_ROI_5k.csv
event_log:prodrift_ROI_5k, discovery_algorithm:ILP, prediction_algorithm:Transformer, dynamic_update:True, update_strategy:finetune, apply_constraint:True, use_consistency:True, use_only_conflict_data:True, confidence_threshold:0.5, consistency_alpha:0.5, win_min:300, adwin_threshold:3.09
torch_device: cuda:0
------------Initialization------------
------------Online ActivityPrediction------------
------------Saving Results------------
drift:  0 []
average accuracy:  0.6940925114838158
average fscore:  0.5997540775244626
average consistency:  0.0
total time:  724.7326744699967
Experiment results saved to results/result_prodrift_ROI_5k.csv
event_log:prodrift_ROI_5k, discovery_algorithm:ILP, prediction_algorithm:Transformer, dynamic_update:True, update_strategy:finetune, apply_constraint:True, use_consistency:True, use_only_conflict_data:True, confidence_threshold:0.5, consistency_alpha:0.75, win_min:300, adwin_threshold:0
torch_device: cuda:0
------------Initialization------------
------------Online ActivityPrediction------------
------------Updating Models------------
update activity num:  22  ->  23
------------Updating Models------------
------------Saving Results------------
drift:  2 [6041, 12312]
average accuracy:  0.8318555709860058
average fscore:  0.7091964932173431
average consistency:  0.0
total time:  731.7469642679935
Experiment results saved to results/result_prodrift_ROI_5k.csv
event_log:prodrift_ROI_5k, discovery_algorithm:ILP, prediction_algorithm:Transformer, dynamic_update:True, update_strategy:finetune, apply_constraint:True, use_consistency:True, use_only_conflict_data:True, confidence_threshold:0.5, consistency_alpha:0.75, win_min:300, adwin_threshold:0.674
torch_device: cuda:0
------------Initialization------------
------------Online ActivityPrediction------------
------------Updating Models------------
update activity num:  22  ->  23
------------Updating Models------------
------------Saving Results------------
drift:  2 [6065, 12491]
average accuracy:  0.8340134601004167
average fscore:  0.7206304464926037
average consistency:  0.0
total time:  746.6450854540017
Experiment results saved to results/result_prodrift_ROI_5k.csv
event_log:prodrift_ROI_5k, discovery_algorithm:ILP, prediction_algorithm:Transformer, dynamic_update:True, update_strategy:finetune, apply_constraint:True, use_consistency:True, use_only_conflict_data:True, confidence_threshold:0.5, consistency_alpha:0.75, win_min:300, adwin_threshold:1.282
torch_device: cuda:0
------------Initialization------------
------------Online ActivityPrediction------------
------------Updating Models------------
update activity num:  22  ->  23
------------Updating Models------------
------------Saving Results------------
drift:  2 [6672, 13072]
average accuracy:  0.8298045080653776
average fscore:  0.7047363592266127
average consistency:  0.0
total time:  744.7526352050045
Experiment results saved to results/result_prodrift_ROI_5k.csv
event_log:prodrift_ROI_5k, discovery_algorithm:ILP, prediction_algorithm:Transformer, dynamic_update:True, update_strategy:finetune, apply_constraint:True, use_consistency:True, use_only_conflict_data:True, confidence_threshold:0.5, consistency_alpha:0.75, win_min:300, adwin_threshold:1.645
torch_device: cuda:0
------------Initialization------------
------------Online ActivityPrediction------------
------------Updating Models------------
update activity num:  22  ->  23
------------Updating Models------------
------------Saving Results------------
drift:  2 [6690, 13305]
average accuracy:  0.828757611366307
average fscore:  0.7055210722295787
average consistency:  0.0
total time:  742.4366906120122
Experiment results saved to results/result_prodrift_ROI_5k.csv
event_log:prodrift_ROI_5k, discovery_algorithm:ILP, prediction_algorithm:Transformer, dynamic_update:True, update_strategy:finetune, apply_constraint:True, use_consistency:True, use_only_conflict_data:True, confidence_threshold:0.5, consistency_alpha:0.75, win_min:300, adwin_threshold:2.326
torch_device: cuda:0
------------Initialization------------
------------Online ActivityPrediction------------
------------Updating Models------------
update activity num:  22  ->  23
------------Updating Models------------
------------Updating Models------------
------------Saving Results------------
drift:  3 [6819, 14952, 20736]
average accuracy:  0.8182031834205747
average fscore:  0.7051438206301562
average consistency:  0.0
total time:  793.1110124109982
Experiment results saved to results/result_prodrift_ROI_5k.csv
event_log:prodrift_ROI_5k, discovery_algorithm:ILP, prediction_algorithm:Transformer, dynamic_update:True, update_strategy:finetune, apply_constraint:True, use_consistency:True, use_only_conflict_data:True, confidence_threshold:0.5, consistency_alpha:0.75, win_min:300, adwin_threshold:2.576
torch_device: cuda:0
------------Initialization------------
------------Online ActivityPrediction------------
------------Updating Models------------
update activity num:  22  ->  23
------------Updating Models------------
------------Saving Results------------
drift:  2 [6825, 15248]
average accuracy:  0.8039525691699605
average fscore:  0.6799166907221421
average consistency:  0.0
total time:  692.0283683699963
Experiment results saved to results/result_prodrift_ROI_5k.csv
event_log:prodrift_ROI_5k, discovery_algorithm:ILP, prediction_algorithm:Transformer, dynamic_update:True, update_strategy:finetune, apply_constraint:True, use_consistency:True, use_only_conflict_data:True, confidence_threshold:0.5, consistency_alpha:0.75, win_min:300, adwin_threshold:3.09
torch_device: cuda:0
------------Initialization------------
------------Online ActivityPrediction------------
------------Saving Results------------
drift:  0 []
average accuracy:  0.6940925114838158
average fscore:  0.5997540775244626
average consistency:  0.0
total time:  581.7270391439961
Experiment results saved to results/result_prodrift_ROI_5k.csv
event_log:prodrift_ROI_5k, discovery_algorithm:ILP, prediction_algorithm:Transformer, dynamic_update:True, update_strategy:finetune, apply_constraint:True, use_consistency:True, use_only_conflict_data:True, confidence_threshold:0.5, consistency_alpha:1.0, win_min:300, adwin_threshold:0
torch_device: cuda:0
------------Initialization------------
------------Online ActivityPrediction------------
------------Updating Models------------
update activity num:  22  ->  23
------------Saving Results------------
drift:  1 [6041]
average accuracy:  0.8316632838371969
average fscore:  0.6864173453238976
average consistency:  0.0
total time:  585.535113304999
Experiment results saved to results/result_prodrift_ROI_5k.csv
event_log:prodrift_ROI_5k, discovery_algorithm:ILP, prediction_algorithm:Transformer, dynamic_update:True, update_strategy:finetune, apply_constraint:True, use_consistency:True, use_only_conflict_data:True, confidence_threshold:0.5, consistency_alpha:1.0, win_min:300, adwin_threshold:0.674
torch_device: cuda:0
------------Initialization------------
------------Online ActivityPrediction------------
------------Updating Models------------
update activity num:  22  ->  23
------------Saving Results------------
drift:  1 [6065]
average accuracy:  0.8320478581348146
average fscore:  0.6770707502751045
average consistency:  0.0
total time:  589.8051337130019
Experiment results saved to results/result_prodrift_ROI_5k.csv
event_log:prodrift_ROI_5k, discovery_algorithm:ILP, prediction_algorithm:Transformer, dynamic_update:True, update_strategy:finetune, apply_constraint:True, use_consistency:True, use_only_conflict_data:True, confidence_threshold:0.5, consistency_alpha:1.0, win_min:300, adwin_threshold:1.282
torch_device: cuda:0
------------Initialization------------
------------Online ActivityPrediction------------
------------Updating Models------------
update activity num:  22  ->  23
------------Saving Results------------
drift:  1 [6673]
average accuracy:  0.8294412990065164
average fscore:  0.6931794101395694
average consistency:  0.0
total time:  583.731521891008
Experiment results saved to results/result_prodrift_ROI_5k.csv
event_log:prodrift_ROI_5k, discovery_algorithm:ILP, prediction_algorithm:Transformer, dynamic_update:True, update_strategy:finetune, apply_constraint:True, use_consistency:True, use_only_conflict_data:True, confidence_threshold:0.5, consistency_alpha:1.0, win_min:300, adwin_threshold:1.645
torch_device: cuda:0
------------Initialization------------
------------Online ActivityPrediction------------
------------Updating Models------------
update activity num:  22  ->  23
------------Saving Results------------
drift:  1 [6711]
average accuracy:  0.8310009614357441
average fscore:  0.6975600709337776
average consistency:  0.0
total time:  585.8952253669995
Experiment results saved to results/result_prodrift_ROI_5k.csv
event_log:prodrift_ROI_5k, discovery_algorithm:ILP, prediction_algorithm:Transformer, dynamic_update:True, update_strategy:finetune, apply_constraint:True, use_consistency:True, use_only_conflict_data:True, confidence_threshold:0.5, consistency_alpha:1.0, win_min:300, adwin_threshold:2.326
torch_device: cuda:0
------------Initialization------------
------------Online ActivityPrediction------------
------------Saving Results------------
drift:  0 []
average accuracy:  0.6940925114838158
average fscore:  0.5997540775244626
average consistency:  0.0
total time:  584.9179129090044
Experiment results saved to results/result_prodrift_ROI_5k.csv
event_log:prodrift_ROI_5k, discovery_algorithm:ILP, prediction_algorithm:Transformer, dynamic_update:True, update_strategy:finetune, apply_constraint:True, use_consistency:True, use_only_conflict_data:True, confidence_threshold:0.5, consistency_alpha:1.0, win_min:300, adwin_threshold:2.576
torch_device: cuda:0
------------Initialization------------
------------Online ActivityPrediction------------
------------Saving Results------------
drift:  0 []
average accuracy:  0.6940925114838158
average fscore:  0.5997540775244626
average consistency:  0.0
total time:  595.6840721639892
Experiment results saved to results/result_prodrift_ROI_5k.csv
event_log:prodrift_ROI_5k, discovery_algorithm:ILP, prediction_algorithm:Transformer, dynamic_update:True, update_strategy:finetune, apply_constraint:True, use_consistency:True, use_only_conflict_data:True, confidence_threshold:0.5, consistency_alpha:1.0, win_min:300, adwin_threshold:3.09
torch_device: cuda:0
------------Initialization------------
------------Online ActivityPrediction------------
------------Saving Results------------
drift:  0 []
average accuracy:  0.6940925114838158
average fscore:  0.5997540775244626
average consistency:  0.0
total time:  564.4621039600024
Experiment results saved to results/result_prodrift_ROI_5k.csv
